all:
  configuration:
    communes:
      "49000": "ANGERS",
      "49400": "VARRAINS",
      "41140": "THESEE",
      "44690": "MONNIERES",
      "58150": "SAINT ANDELAIN",
      "03140": "CHAREIL CINTRAT",
      "49320": "CHARCE SAINT ELLIER SUR AUBANCE",
      "44115": "HAUTE GOULAINE",
      "36130": "DIORS"
      "86110": "THURAGEAU",
      "44690": "LA HAIE FOUASSIERE",
      "41150": "ONZAIN",
      "44190": "SAINT HILAIRE DE CLISSON",
      "85200": "PISSOTTE"
      "44680": "CHEMERE",
      "85320": "ROSNAY",
      "44330": "VALLET",
      "41130": "MEUSNES",
      "44330": "LA REGRIPPIERE",
      "37270": "MONTLOUIS SUR LOIRE",
      "37210": "CHANCAY",
      "44430": "LE LOROUX BOTTEREAU"
      "58150": "POUILLY SUR LOIRE",
      "49750": "SAINT LAMBERT DU LATTAY",
      "49260": "VAUDELNAY",
      "86380": "VENDEUVRE DU POITOU",
      "41120": "SAMBIN",
      "18300": "SAINT SATUR"
      "18300": "SURY EN VAUX",
      "44330": "MOUZILLON",
      "41110": "MAREUIL SUR CHER",
      "44690": "CHÂTEAU THEBAUD",
      "85320": "MAREUIL SUR LAY DISSAIS",
      "23270": "BETETE",
      "85110": "CHANTONNAY",
      "37210": "CHANCAY",
      "44690": "MAISDON SUR SEVRE",
      "41400": "ANGE SUR CHER",
      "37150": "DIERRE",
      "41700": "CHEMERY",
      "37140": "SAINT NICOLAS DE BOURGUEIL",
      "37210": "ROCHECORBON",
      "49750": "SAINT LAMBERT DU LATTAY",
      "49170": "LA POSSONNIERE",
      "49400": "SAUMUR",
      "37140": "RESTIGNE",
      "49190": "ROCHEFORT SUR LOIRE",
      "49190": "ROCHEFORT SUR LOIRE",
      "49700": "CONCOURSON SUR LAYON",
      "49190": "SAINT AUBIN DE LUIGNE",
      "49400": "SAUMUR",
      "37210": "VERNOU SUR BRENNE",
      "49560": "NUEIL SUR LAYON",
      "44430": "LE LANDREAU",
      "37500": "SEUILLY",
      "37210": "VOUVRAY",
      "49290": "CHAUDEFONDS SUR LAYON",
      "49290": "CHAUDEFONDS SUR LAYON",
      "49290": "CHAUDEFONDS SUR LAYON",
      "79290": "CERSAY",
      "18370": "CHATEAUMEILLANT",
      "86110": "MIREBEAU",
      "49290": "CHALONNES SUR LOIRE",
      "44120": "VERTOU",
      "49400": "SAUMUR",
      "49320": "VAUCHRETIEN",
      "49380": "FAYE D ANJOU",
      "49700": "SAINT GEORGES SUR LAYON",
      "44330": "VALLET",
      "49270": "LANDEMONT",
      "79390": "DOUX",
      "49260": "SAINT CYR EN BOURG",
      "41140": "SAINT ROMAIN SUR CHER",
      "37400": "AMBOISE",
      "18300": "SANCERRE",
      "44710": "SAINT LEGER LES VIGNES",
      "49100": "ANGERS",
      "44680": "SAINT MARS DE COUTAIS",
      "45000": "ORLEANS",
      "37140": "SAINT NICOLAS DE BOURGUEIL",
      "37140": "BENAIS",
      "37140": "BENAIS",
      "18270": "SAINT MAUR",
      "86170": "NEUVILLE DE POITOU",
      "37140": "RESTIGNE",
      "86380": "MARIGNY BRIZAY",
      "37140": "SAINT NICOLAS DE BOURGUEIL",
      "49750": "BEAULIEU SUR LAYON",
      "49700": "MEIGNE",
      "49730": "TURQUANT",
      "49380": "THOUARCE",
      "41110": "POUILLE",
      "41700": "OISLY",
      "44690": "MONNIERES",
      "49750": "BEAULIEU SUR LAYON",
      "49190": "DENEE",
      "44330": "VALLET",
      "44450": "LA CHAPELLE BASSE MER",
      "49130": "SAINTE GEMMES SUR LOIRE",
      "37400": "LUSSAULT SUR LOIRE",
      "37400": "LUSSAULT SUR LOIRE",
      "49400": "VARRAINS",
      "44690": "MONNIERES",
      "41110": "POUILLE",
      "49260": "VAUDELNAY",
      "49260": "LE PUY NOTRE DAME",
      "85320": "ROSNAY",
      "14170": "SAINT PIERRE SUR DIVES",
      "49700": "SAINT GEORGES SUR LAYON",
      "44310": "SAINT PHILBERT DE GRAND LIEU",
      "36600": "LYE",
      "49320": "VAUCHRETIEN",
      "45430": "CHECY",
      "03140": "CHAREIL CINTRAT",
      "44850": "LE CELLIER",
      "37210": "VOUVRAY",
      "37530": "MOSNES",
      "49380": "THOUARCE",
      "41130": "BILLY",
      "41130": "BILLY",
      "44710": "SAINT LEGER LES VIGNES",
      "44330": "LA REGRIPPIERE",
      "44330": "VALLET",
      "49230": "TILLIERES",
      "18300": "BUE",
      "36600": "VILLENTROIS",
      "36600": "FONTGUENAND",
      "37150": "BLERE",
      "49750": "SAINT LAMBERT DU LATTAY",
      "49190": "SAINT AUBIN DE LUIGNE",
      "79290": "CERSAY",
      "44690": "LA HAIE FOUASSIERE",
      "41140": "SAINT ROMAIN SUR CHER",
      "86170": "BLASLAY",
      "49350": "CHENEHUTTE",
      "41700": "CHEMERY",
      "41700": "CHEMERY",
      "41100": "VILLIERS SUR LOIR",
      "44330": "MOUZILLON",
      "49260": "LE PUY NOTRE DAME",
      "49400": "SOUZAY CHAMPIGNY",
      "37150": "FRANCUEIL",
      "37150": "LA CROIX EN TOURAINE",
      "37150": "LA CROIX EN TOURAINE",
      "37270": "ATHEE SUR CHER",
      "37270": "ATHEE SUR CHER",
      "49320": "SAINT JEAN DES MAUVRETS",
      "49320": "LUIGNE",
      "49700": "CONCOURSON SUR LAYON",
      "86120": "SAINT LEGER DE MONTBRILLAIS",
      "44330": "LE LOROUX BOTTEREAU",
      "44140": "AIGREFEUILLE SUR MAINE",
      "44330": "LA REGRIPPIERE",
      "49590": "FONTEVRAUD L ABBAYE",
      "86120": "BERRIE",
      "41400": "ANGE SUR CHER",
      "49540": "MARTIGNE BRIAND",
      "45420": "BONNY SUR LOIRE",
      "18300": "BUE",
      "37140": "RESTIGNE",
      "49400": "DAMPIERRE SUR LOIRE",
      "49700": "CONCOURSON SUR LAYON",
      "49290": "CHAUDEFONDS SUR LAYON",
      "49610": "MURS ERIGNE",
      "41700": "SASSAY",
      "41700": "OISLY",
      "49260": "LE PUY NOTRE DAME",
      "41110": "MAREUIL SUR CHER",
      "41800": "SAINT RIMAY",
      "41110": "MAREUIL SUR CHER",
      "41110": "MAREUIL SUR CHER",
      "41700": "OISLY",
      "41700": "CHEMERY",
      "18300": "VINON",
      "41130": "MEUSNES",
      "41130": "MEUSNES",
      "37150": "CIVRAY DE TOURAINE",
      "58240": "LIVRY",
      "41140": "THESEE",
      "37210": "ROCHECORBON",
      "44330": "SAINT PHILBERT DE GRAND LIEU",
      "44690": "MONNIERES",
      "44330": "LA REGRIPPIERE",
      "41110": "CHATEAUVIEUX",
      "44330": "MOUZILLON",
      "49230": "TILLIERES",
      "44190": "GORGES",
      "44330": "VALLET",
      "49700": "FORGES",
      "37530": "POCE SUR CISSE",
      "33292": "BLANQUEFORT cedex",
      "44450": "SAINT JULIEN DE CONCELLES",
      "49350": "LE THOUREIL",
      "49350": "GENNES",
      "49350": "LE THOUREIL",
      "49350": "LE THOUREIL",
      "37150": "FRANCUEIL",
      "86380": "MARIGNY BRIZAY",
      "86380": "MARIGNY BRIZAY",
      "44330": "MOUZILLON",
      "37220": "PANZOULT",
      "49540": "MARTIGNE BRIAND",
      "49750": "BEAULIEU SUR LAYON",
      "49750": "BEAULIEU SUR LAYON",
      "49380": "CHAVAGNES LES EAUX",
      "49380": "FAVERAYE MACHELLES",
      "49700": "BRIGNE",
      "49700": "DOUE LA FONTAINE",
      "49400": "SAUMUR",
      "49400": "VARRAINS",
      "49310": "MONTILLIERS",
      "49700": "CIZAY LA MADELEINE",
      "44330": "VALLET",
      "49600": "LA CHAUSSAIRE",
      "44830": "BRAINS",
      "36600": "LYE",
      "36600": "LYE",
      "36600": "LYE",
      "49190": "ROCHEFORT SUR LOIRE",
      "49590": "FONTEVRAUD L ABBAYE",
      "49380": "THOUARCE",
      "49380": "FAYE D ANJOU",
      "49700": "CONCOURSON SUR LAYON",
      "41400": "MONTHOU SUR CHER",
      "37120": "CHAVEIGNES",
      "58310": "SAINT AMAND EN PUISAYE",
      "41350": "VINEUIL",
      "41110": "POUILLE",
      "49750": "SAINT LAMBERT DU LATTAY",
      "49700": "CONCOURSON SUR LAYON",
      "49380": "FAVERAYE MACHELLES",
      "41400": "SAINT JULIEN DE CHEDON",
      "49320": "BRISSAC QUINCE",
      "41140": "SAINT ROMAIN SUR CHER",
      "79100": "SAINT CYR LA LANDE",
      "37270": "SAINT MARTIN LE BEAU",
      "49320": "COUTURES",
      "37270": "SAINT MARTIN LE BEAU",
      "37270": "SAINT MARTIN LE BEAU",
      "58400": "CHAULGNES",
      "37530": "MOSNES",
      "37270": "SAINT MARTIN LE BEAU",
      "37270": "SAINT MARTIN LE BEAU",
      "41230": "ROUGEOU",
      "44690": "SAINT FIACRE SUR MAINE",
      "49230": "TILLIERES",
      "49310": "VIHIERS",
      "49310": "TANCOIGNE",
      "49750": "SAINT LAMBERT DU LATTAY",
      "37270": "ATHEE SUR CHER",
      "44430": "LE LANDREAU",
      "37150": "LA CROIX EN TOURAINE",
      "86110": "MIREBEAU",
      "37310": "SUBLAINES",
      "37150": "BLERE",
      "37270": "MONTLOUIS SUR LOIRE",
      "41400": "MONTHOU SUR CHER",
      "49750": "BEAULIEU SUR LAYON",
      "37130": "LIGNIERES DE TOURAINE",
      "37150": "LA CROIX EN TOURAINE",
      "37150": "LA CROIX EN TOURAINE",
      "49620": "LA POMMERAYE",
      "49700": "CONCOURSON SUR LAYON",
      "49560": "NUEIL SUR LAYON",
      "49750": "CHANZEAUX",
      "49560": "NUEIL SUR LAYON",
      "44690": "MONNIERES",
      "37150": "DIERRE",
      "86120": "SAIX",
      "49260": "LE COUDRAY MACOUARD",
      "75003": "PARIS",
      "49260": "LE PUY NOTRE DAME",
      "72340": "LHOMME"
      "44690": "LA HAIE FOUASSIERE",
      "41110": "SEIGY",
      "41700": "CHEMERY",
      "44330": "LE PALLET",
      "41140": "THESEE",
      "49750": "RABLAY SUR LAYON",
      "49700": "AMBILLOU CHATEAU",
      "49560": "NUEIL SUR LAYON",
      "49560": "PASSAVANT SUR LAYON",
      "49260": "LE PUY NOTRE DAME",
      "49320": "SAINT JEAN DES MAUVRETS",
      "37400": "AMBOISE",
      "18370": "CHATEAUMEILLANT"
      "49170": "SAVENNIERES",
      "44190": "GORGES",
      "49190": "DENEE",
      "79390": "DOUX",
      "41400": "SAINT GEORGES SUR CHER",
      "86120": "LES TROIS MOUTIERS",
      "45160": "SAINT HILAIRE SAINT MESMIN",
      "37420": "SAVIGNY EN VERON",
      "49560": "NUEIL SUR LAYON",
      "49260": "COURCHAMPS",
      "41800": "HOUSSAY",
      "37150": "FRANCUEIL",
      "41700": "OISLY",
      "49700": "LES VERCHERS SUR LAYON",
      "37150": "FRANCUEIL",
      "37210": "NOIZAY",
      "37210": "CHANCAY",
      "49320": "SAINT JEAN DES MAUVRETS",
      "49750": "SAINT LAMBERT DU LATTAY",
      "49380": "FAYE D ANJOU",
      "49290": "CHALONNES SUR LOIRE",
      "49400": "SAUMUR",
      "49260": "LE PUY NOTRE DAME",
      "37150": "BLERE",
      "49260": "MONTREUIL BELLAY",
      "44860": "SAINT AIGNAN GRANDLIEU",
      "41140": "SAINT ROMAIN SUR CHER",
      "49560": "CLERE SUR LAYON",
      "49560": "CLERE SUR LAYON",
      "41140": "SAINT ROMAIN SUR CHER",
      "49700": "LES VERCHERS SUR LAYON",
      "86120": "POUANCAY",
      "44330": "VALLET",
      "49270": "SAINT LAURENT DES AUTELS",
      "49750": "CHANZEAUX",
      "41400": "ANGE SUR CHER",
      "37300": "JOUE LES TOURS",
      "37150": "BLERE",
      "49650": "BRAIN SUR ALLONNES",
      "49260": "MONTREUIL BELLAY",
      "49260": "MONTREUIL BELLAY",
      "21703": "NUITS SAINT GEORGES",
      "49260": "LE PUY NOTRE DAME",
      "49380": "CHAMP SUR LAYON",
      "41700": "COUDDES",
      "41200": "ROMORANTIN LANTHENAY",
      "37220": "AVON LES ROCHES",
      "44190": "GORGES",
      "86170": "NEUVILLE DE POITOU",
      "86120": "TERNAY",
      "86120": "TERNAY",
      "49400": "VARRAINS",
      "41110": "CHATEAUVIEUX",
      "37400": "AMBOISE",
      "86110": "MIREBEAU",
      "86170": "BLASLAY",
      "49560": "PASSAVANT SUR LAYON",
      "44330": "LA CHAPELLE HEULIN",
      "37530": "LIMERAY",
      "49260": "MONTREUIL BELLAY",
      "79290": "BOUILLE SAINT PAUL",
      "49260": "MONTREUIL BELLAY",
      "49260": "SAINT CYR EN BOURG",
      "49540": "MARTIGNE BRIAND",
      "41400": "BOURRE",
      "41100": "NAVEIL",
      "44330": "MOUZILLON",
      "37530": "NAZELLES NEGRON",
      "37530": "NAZELLES NEGRON",
      "49620": "LA POMMERAYE",
      "49380": "CHAMP SUR LAYON",
      "49700": "LOURESSE ROCHEMENIER",
      "37140": "BENAIS",
      "03210": "BRESNAY",
      "44690": "SAINT FIACRE SUR MAINE",
      "41400": "MONTHOU SUR CHER",
      "44190": "GORGES",
      "41110": "SAINT AIGNAN SUR CHER",
      "41700": "CONTRES",
      "44430": "LE LOROUX BOTTEREAU",
      "49750": "SAINT LAMBERT DU LATTAY",
      "37000": "TOURS",
      "49230": "SAINT CRESPIN SUR MOINE",
      "37530": "MOSNES",
      "37530": "MOSNES",
      "49730": "PARNAY",
      "41400": "SAINT GEORGES SUR CHER",
      "41400": "SAINT GEORGES SUR CHER",
      "49260": "VAUDELNAY",
      "41140": "SAINT ROMAIN SUR CHER",
      "37150": "FRANCUEIL",
      "44330": "LE PALLET",
      "37150": "FRANCUEIL",
      "49320": "COUTURES",
      "37150": "FRANCUEIL",
      "37150": "FRANCUEIL",
      "44330": "VALLET",
      "49380": "CHAVAGNES LES EAUX",
      "03430": "COSNE D'ALLIER",
      "49270": "SAINT CHRISTOPHE LA COUPERIE",
      "49270": "SAINT CHRISTOPHE LA COUPERIE",
      "36600": "VILLENTROIS",
      "41700": "COUDDES",
      "49730": "TURQUANT",
      "37140": "INGRANDES DE TOURAINE",
      "37150": "BLERE",
      "49400": "VARRAINS",
      "37140": "CHOUZE SUR LOIRE",
      "49190": "ROCHEFORT SUR LOIRE",
      "41110": "COUFFY",
      "49290": "CHALONNES SUR LOIRE",
      "18300": "SANCERRE",
      "18300": "SANCERRE",
      "44430": "LE LOROUX BOTTEREAU",
      "37210": "ROCHECORBON",
      "49290": "CHALONNES SUR LOIRE",
      "49700": "AMBILLOU CHATEAU",
      "41110": "POUILLE",
      "41110": "POUILLE",
      "86120": "BERRIE",
      "41110": "POUILLE",
      "49260": "VAUDELNAY",
      "37150": "BLERE",
      "37150": "BLERE",
      "37270": "VERETZ",
      "44310": "LA LIMOUZINIERE",
      "41400": "SAINT GEORGES SUR CHER",
      "49170": "SAVENNIERES",
      "41140": "NOYERS SUR CHER",
      "35600": "REDON",
      "49426": "SAUMUR",
      "37150": "DIERRE",
      "37150": "DIERRE",
      "49190": "SAINT AUBIN DE LUIGNE",
      "49620": "LA POMMERAYE",
      "49260": "LE COUDRAY MACOUARD",
      "49700": "BRIGNE",
      "86170": "LE ROCHEREAU",
      "49320": "BRISSAC QUINCE",
      "41700": "CHEMERY",
      "49320": "LES ALLEUDS",
      "49380": "NOTRE DAME D ALLENCON",
      "49380": "THOUARCE",
      "41100": "THORE LA ROCHETTE",
      "37140": "SAINT NICOLAS DE BOURGUEIL",
      "44430": "LE LANDREAU",
      "49560": "NUEIL SUR LAYON",
      "37140": "RESTIGNE",
      "49230": "TILLIERES",
      "44190": "GETIGNE",
      "44330": "VALLET",
      "37140": "RESTIGNE",
      "72340": "LA CHARTRE SUR LE LOIR",
      "37140": "BOURGUEIL",
      "37150": "BLERE",
      "37150": "CIVRAY DE TOURAINE",
      "44430": "LE LANDREAU",
      "49270": "SAINT LAURENT DES AUTELS",
      "49530": "LIRE",
      "49530": "LIRE",
      "49120": "LA JUMELLIERE",
      "79390": "DOUX",
      "79390": "DOUX",
      "41700": "CHEMERY",
      "49540": "MARTIGNE BRIAND",
      "44310": "SAINT PHILBERT DE GRAND LIEU",
      "41130": "MEUSNES",
      "49290": "CHALONNES SUR LOIRE",
      "49730": "TURQUANT",
      "49730": "TURQUANT",
      "49540": "LA FOSSE DE TIGNE",
      "49260": "LE PUY NOTRE DAME",
      "49370": "SAINT CLEMENT DE LA PLACE",
      "49750": "RABLAY SUR LAYON",
      "86380": "OUZILLY",
      "86380": "OUZILLY",
      "44190": "GORGES",
      "49260": "LE PUY NOTRE DAME",
      "37210": "VOUVRAY",
      "44412": "REZE",
      "03150": "MONTAIGU LE BLIN",
      "49260": "LE COUDRAY MACOUARD",
      "49430": "HUILLE",
      "41700": "CHEVERNY",
      "41350": "SAINT CLAUDE DE DIRAY",
      "49190": "SAINT AUBIN DE LUIGNE",
      "44690": "MONNIERES",
      "37220": "PANZOULT",
      "44690": "MONNIERES",
      "49750": "SAINT LAMBERT DU LATTAY",
      "49750": "SAINT LAMBERT DU LATTAY",
      "49320": "BLAISON GOHIER",
      "49540": "AUBIGNE SUR LAYON",
      "86120": "POUANCAY",
      "49170": "LA POSSONNIERE",
      "49400": "SAUMUR",
      "49320": "VAUCHRETIEN",
      "49620": "LA POMMERAYE",
      "44150": "ANETZ",
      "49190": "SAINT AUBIN DE LUIGNE",
      "41110": "POUILLE",
      "37420": "RIGNY USSE",
      "37140": "LA CHAPELLE SUR LOIRE",
      "33290": "BLANQUEFORT",
      "44330": "LA CHAPELLE HEULIN",
      "69800": "SAINT PRIEST",
      "62500": "SAINT MARTIN AU LAERT",
      "49560": "NUEIL SUR LAYON",
      "49700": "CONCOURSON SUR LAYON",
      "37530": "LIMERAY",
      "49380": "CHAMP SUR LAYON",
      "37530": "LIMERAY",
      "49540": "MARTIGNE BRIAND",
      "49540": "MARTIGNE BRIAND",
      "79290": "BOUILLE SAINT PAUL",
      "45370": "MAREAU AUX PRES",
      "03500": "SAULCET",
      "37270": "MONTLOUIS SUR LOIRE",
      "37240": "VOUVRAY",
      "44430": "LE LANDREAU",
      "49260": "SAINT CYR EN BOURG",
      "18300": "SANCERRE",
      "41100": "VILLIERS SUR LOIR",
      "49260": "SAINT CYR EN BOURG",
      "49400": "SAUMUR",
      "37210": "CHANCAY",
      "37150": "LA CROIX EN TOURAINE",
      "49190": "SAINT AUBIN DE LUIGNE",
      "37150": "CIVRAY DE TOURAINE",
      "37210": "VOUVRAY",
      "41110": "MAREUIL SUR CHER",
      "37500": "CHINON",
      "72600": "MAMERS",
      "41110": "MAREUIL SUR CHER",
      "49230": "SEVREMOINE",
      "41140": "NOYERS SUR CHER",
      "41250": "MONT PRES CHAMBORD",
      "37150": "BLERE",
      "41140": "THESEE",
      "37530": "LIMERAY",
      "49260": "VAUDELNAY",
      "37150": "CIVRAY DE TOURAINE",
      "49610": "SAINT MELAINE SUR AUBANCE",
      "49750": "BEAULIEU SUR LAYON",
      "49380": "CHAMP SUR LAYON",
      "49270": "LA VARENNE",
      "49190": "ROCHEFORT SUR LOIRE",
      "41100": "NAVEIL",
      "58200": "POUGNY",
      "49380": "FAYE D ANJOU",
      "41100": "MAZANGE",
      "37150": "LA CROIX EN TOURAINE",
      "49260": "VAUDELNAY",
      "86110": "THURAGEAU",
      "49700": "BRIGNE",
      "49540": "TIGNE",
      "49700": "SAINT GEORGES SUR LAYON",
      "49540": "TIGNE",
      "49700": "SAINT GEORGES SUR LAYON",
      "49260": "MONTREUIL BELLAY",
      "18300": "CREZANCY EN SANCERRE",
      "37150": "CHENONCEAUX",
      "49700": "LES ULMES",
      "72340": "PONCE SUR LE LOIR",
      "37270": "ATHEE SUR CHER",
      "44650": " "44330": "CORCOUE SUR LOGNE VALLET",
      "49700": "BRIGNE",
      "37210": "ROCHECORBON",
      "37150": "LUZILLE",
      "18370": "CHATEAUMEILLANT",
      "49750": "CHANZEAUX",
      "41140": "SAINT ROMAIN SUR CHER",
      "41110": "MAREUIL SUR CHER",
      "41140": "SAINT ROMAIN SUR CHER",
      "41400": "ANGE SUR CHER",
      "41140": "SAINT ROMAIN SUR CHER",
      "41110": "CHATEAUVIEUX",
      "44330": "LA REGRIPPIERE",
      "41110": "COUFFY",
      "41110": "COUFFY",
      "86120": "SAIX",
      "44430": "LE LANDREAU",
      "44330": "VALLET",
      "86110": "MIREBEAU",
      "41120": "MONTHOU SUR BIEVRE",
      "49700": "DOUE LA FONTAINE",
      "49730": "PARNAY",
      "79290": "SAINT MARTIN DE SANZAY",
      "86120": "BERRIE",
      "44330": "LA CHAPELLE HEULIN",
      "49540": "AUBIGNE SUR LAYON",
      "49260": "LE PUY NOTRE DAME",
      "49750": "SAINT LAMBERT DU LATTAY",
      "49310": "SAINT CRESPIN SUR MOINE",
      "49260": "SAINT JUST SUR DIVE",
      "49260": "BREZE",
      "86380": "MARIGNY BRIZAY",
      "49100": "ANGERS",
      "49260": "VAUDELNAY",
      "44430": "LE LOROUX BOTTEREAU",
      "44430": "LE LANDREAU",
      "44330": "VALLET",
      "44690": "LA HAYE FOUASSIERE",
      "49750": "BEAULIEU SUR LAYON",
      "85600": "SAINT HILAIRE DE LOULAY",
      "49190": "SAINT AUBIN DE LUIGNE",
      "49320": "VAUCHRETIEN",
      "49540": "MARTIGNE BRIAND",
      "37190": "AZAY LE RIDEAU",
      "37500": "LIGRE",
      "49260": "MONTREUIL BELLAY",
      "49730": "PARNAY",
      "49190": "ROCHEFORT SUR LOIRE",
      "49190": "ROCHEFORT SUR LOIRE",
      "37460": "GENILLE",
      "49620": "LA POMMERAYE",
      "41130": "MEUSNES",
      "85320": "ROSNAY",
      "18300": "SANCERRE",
      "49540": "TIGNE",
      "37210": "CHANCAY",
      "37500": "CHINON",
      "44330": "VALLET",
      "49540": "MARTIGNE BRIAND",
      "49750": "BEAULIEU SUR LAYON",
      "37500": "CHINON",
      "49380": "FAYE D ANJOU",
      "49380": "FAYE D ANJOU",
      "49730": "TURQUANT",
      "49400": "SAUMUR",
      "44330": "VALLET",
      "49260": "MONTREUIL BELLAY",
      "37140": "SAINT NICOLAS DE BOURGUEIL",
      "85320": "MAREUIL SUR LAY DISSAIS",
      "49750": "BEAULIEU SUR LAYON",
      "49610": "SAINT MELAINE SUR AUBANCE",
      "49750": "BEAULIEU SUR LAYON",
      "49730": "PARNAY",
      "41700": "OISLY",
      "37150": "FRANCUEIL",
      "37150": "FRANCUEIL",
      "49700": "CONCOURSON SUR LAYON",
      "49560": "NUEIL SUR LAYON",
      "49610": "MURS ERIGNE",
      "49260": "MONTREUIL BELLAY",
      "44680": "SAINT HILAIRE DE CHALEONS",
      "49310": "MONTILLIERS",
      "49750": "RABLAY SUR LAYON",
      "49380": "THOUARCE",
      "44690": "CHATEAU THEBAUD",
      "49400": "LES ULMES",
      "49530": "LIRE",
      "49530": "LIRE",
      "44690": "MONNIERES",
      "44690": "MONNIERES",
      "44521": "OUDON",
      "41700": "COUR CHEVERNY",
      "49230": "TILLIERES",
      "44330": "VALLET",
      "41120": "SAMBIN",
      "41800": "HOUSSAY",
      "49190": "ROCHEFORT SUR LOIRE",
      "49540": "TIGNE",
      "44310": "SAINT PHILBERT DE GRAND LIEU",
      "49400": "SOUZAY CHAMPIGNY",
      "44330": "VALLET",
      "49730": "VARENNES SUR LOIRE",
      "49310": "TREMONT",
      "49540": "MARTIGNE BRIAND",
      "37270": "MONTLOUIS SUR LOIRE",
      "44120": "VERTOU",
      "86170": "MASSOGNES",
      "41150": "ONZAIN",
      "44430": "LE LOROUX BOTTEREAU",
      "41400": "SAINT GEORGES SUR CHER",
      "44690": "MONNIERES",
      "49350": "LE THOUREIL",
      "49400": "DISTRE",
      "41400": "CHISSAY EN TOURAINE",
      "41130": "MEUSNES",
      "80170": "BAYONVILLERS",
      "44330": "VALLET",
      "49750": "SAINT LAMBERT DU LATTAY",
      "03500": "MONETAY SUR ALLIER",
      "49700": "AMBILLOU CHATEAU",
      "44330": "VALLET",
      "37120": "LA TOUR ST GELIN",
      "41140": "SAINT ROMAIN SUR CHER",
      "49750": "SAINT LAMBERT DU LATTAY",
      "49260": "VAUDELNAY",
      "49310": "MONTILLIERS",
      "49600": "LE PUISET DORE",
      "49260": "SAINT CYR EN BOURG",
      "49260": "SAINT CYR EN BOURG",
      "41150": "MONTEAUX",
      "49700": "LES ULMES",
      "49410": "SAINT FLORENT LE VIEIL",
      "49260": "ARTANNES SUR THOUET",
      "37270": "SAINT MARTIN LE BEAU",
      "49400": "CHACE",
      "49260": "BREZE",
      "37140": "SAINT NICOLAS DE BOURGUEIL",
      "79100": "SAINTE RADEGONDE",
      "79100": "TOURTENAY",
      "85440": "TALMONT ST HILAIRE",
      "49170": "SAVENNIERES",
      "41400": "SAINT GEORGES SUR CHER",
      "18300": "CREZANCY EN SANCERRE",
      "49700": "DOUE LA FONTAINE",
      "85320": "MAREUIL SUR LAY DISSAIS",
      "45370": "MAREAU AUX PRES",
      "49700": "BRIGNE",
      "37400": "AMBOISE",
      "49750": "SAINT LAMBERT DU LATTAY",
      "49540": "AUBIGNE SUR LAYON",
      "37530": "CANGEY",
      "37530": "CANGEY",
      "37530": "CANGEY",
      "41150": "MESLAND",
      "44690": "CHATEAU THEBAUD",
      "49270": "SAINT CHRISTOPHE LA COUPERIE",
      "49140": "LUE EN BAUGEOIS",
      "37150": "CHISSEAUX",
      "49270": "SAINT CHRISTOPHE LA COUPERIE",
      "86110": "THURAGEAU",
      "58400": "VARENNES LES NARCY",
      "37270": "ATHEE SUR CHER",
      "37510": "BALLAN MIRE",
      "41140": "NOYERS SUR CHER",
      "37220": "CROUZILLES",
      "41700": "OISLY",
      "41700": "OISLY",
      "44150": "ANCENIS",
      "44330": "LA CHAPELLE HEULIN",
      "36600": "LYE",
      "36600": "LYE",
      "21220": "MOREY SAINT DENIS",
      "44430": "LE LOROUX BOTTEREAU",
      "41140": "SAINT ROMAIN SUR CHER",
      "44860": "PONT ST MARTIN",
      "44116": "VIEILLEVIGNE",
      "41140": "SAINT ROMAIN SUR CHER",
      "49540": "TIGNE",
      "49270": "CHAMPTOCEAUX",
      "44190": "SAINT LUMINE DE CLISSON",
      "44690": "MAISDON SUR SEVRE",
      "44190": "GORGES",
      "44140": "AIGREFEUILLE SUR MAINE",
      "44690": "MAISDON SUR SEVRE",
      "37210": "NOIZAY",
      "37210": "NOIZAY",
      "49320": "VAUCHRETIEN",
      "37210": "VERNOU SUR BRENNE",
      "44430": "LE LANDREAU",
      "44430": "LE LOROUX BOTTEREAU",
      "44430": "LE LANDREAU",
      "49540": "TIGNE",
      "49400": "SAUMUR",
      "37500": "CHINON",
      "37500": "CHINON",
      "49610": "SAINT MELAINE SUR AUBANCE",
      "44690": "MONNIERES",
      "37270": "SAINT MARTIN LE BEAU",
      "49260": "EPIEDS",
      "41120": "CHITENAY",
      "37150": "BLERE",
      "49260": "VAUDELNAY",
      "49700": "LES ULMES",
      "41700": "COUDDES",
      "41700": "COUDDES",
      "41700": "COUDDES",
      "49750": "CHANZEAUX",
      "49190": "SAINT AUBIN DE LUIGNE",
      "49190": "ROCHEFORT SUR LOIRE",
      "49530": "LIRE",
      "41100": "THORE LA ROCHETTE",
      "85470": "BREM SUR MER",
      "41250": "MONT PRES CHAMBORD",
      "85190": "AIZENAY",
      "37150": "BLERE",
      "58190": "AMAZY",
      "41350": "VINEUIL",
      "86150": "LE VIGEANT",
      "44190": "GORGES",
      "44650": "CORCOUE SUR LOGNE",
      "49400": "VARRAINS",
      "37140": "SAINT NICOLAS DE BOURGUEIL",
      "41700": "CHEVERNY",
      "49170": "SAVENNIERES",
      "16370": "BREVILLE",
      "41700": "CHOUSSY",
      "41140": "NOYERS SUR CHER",
      "37270": "MONTLOUIS SUR LOIRE",
      "41110": "POUILLE",
      "49260": "SAINT CYR EN BOURG",
      "41700": "COUR CHEVERNY",
      "41700": "COUR CHEVERNY",
      "41400": "MONTHOU SUR CHER",
      "37140": "SAINT NICOLAS DE BOURGUEIL",
      "41400": "SAINT GEORGES SUR CHER",
      "41140": "SAINT ROMAIN SUR CHER",
      "41400": "MONTHOU SUR CHER",
      "49320": "BRISSAC QUINCE",
      "49260": "VAUDELNAY",
      "49270": "LA VARENNE",
      "44330": "VALLET",
      "37140": "SAINT NICOLAS DE BOURGUEIL",
      "37420": "BEAUMONT EN VERON",
      "37140": "SAINT NICOLAS DE BOURGUEIL",
      "37140": "SAINT NICOLAS DE BOURGUEIL",
      "49290": "CHALONNES SUR LOIRE",
      "49560": "PASSAVANT SUR LAYON",
      "49190": "SAINT AUBIN DE LUIGNE",
      "49750": "SAINT LAMBERT DU LATTAY",
      "03150": "MONTAIGU LE BLIN",
      "49380": "THOUARCE",
      "49530": "DRAIN",
      "86110": "MIREBEAU",
      "49750": "CHANZEAUX",
      "37500": "CRAVANT LES COTEAUX",
      "86110": "THURAGEAU",
      "49260": "EPIEDS",
      "41120": "OUCHAMPS",
      "51380": "VERZY",
      "49700": "CONCOURSON SUR LAYON",
      "18240": "SAINTE GEMME EN SANCERROIS",
      "44650": "CORCOUE SUR LOGNE",
      "44115": "HAUTE GOULAINE",
      "49260": "BREZE",
      "86120": "SAIX",
      "86120": "SAINT LEGER DE MONTBRILLAIS",
      "49320": "GREZILLE",
      "41700": "CHEMERY",
      "49260": "MONTREUIL BELLAY",
      "49320": "GREZILLE",
      "86120": "CURCAY SUR DIVE",
      "49530": "LIRE",
      "44190": "SAINT LUMINE DE CLISSON",
      "41350": "SAINT CLAUDE DE DIRAY",
      "49380": "FAVERAYE MACHELLES",
      "49700": "MEIGNE",
      "49730": "PARNAY",
      "44330": "VALLET",
      "86120": "BERRIE",
      "41100": "MAZANGE",
      "37530": "POCE SUR CISSE",
      "41400": "THENAY",
      "86170": "CHAMPIGNY LE SEC",
      "18310": "GRASAY",
      "37220": "PANZOULT",
      "49540": "MARTIGNE BRIAND",
      "41700": "CHEMERY",
      "44330": "LA REGRIPPIERE",
      "49230": "TILLIERES",
      "41350": "HUISSEAU SUR COSSON",
      "41350": "HUISSEAU SUR COSSON",
      "86120": "SAIX",
      "49230": "TILLIERES",
      "49700": "DOUE LA FONTAINE",
      "49530": "LIRE",
      "49270": "LANDEMONT",
      "49380": "FAYE D ANJOU",
      "49310": "MONTILLIERS",
      "44450": "SAINT JULIEN DE CONCELLES",
      "49290": "CHALONNES SUR LOIRE",
      "58350": "CHASNAY",
      "49610": "SOULAINES SUR AUBANCE",
      "44430": "LA REMAUDIERE",
      "49600": "LE PUISET DORE",
      "49260": "SAINT CYR EN BOURG",
      "49270": "SAINT LAURENT DES AUTELS",
      "44330": "VALLET",
      "49530": "LIRE",
      "49310": "MONTILLIERS",
      "41140": "SAINT ROMAIN SUR CHER"
      "86110": "MIREBEAU",
      "86170": "NEUVILLE DE POITOU",
      "86170": "NEUVILLE DE POITOU",
      "49230": "TILLIERES",
      "36360": "FAVEROLLES SUR CHER",
      "49700": "LES ULMES",
      "18300": "SANCERRE",
      "49380": "FAVERAYE MACHELLES",
      "44140": "MONTBERT",
      "44430": "LE LANDREAU",
      "18300": "BUE",
      "49320": "CHARCE SAINT ELLIER SUR AUBANCE",
      "86380": "VENDEUVRE DU POITOU",
      "49700": "LES VERCHERS SUR LAYON",
      "49380": "FAYE D ANJOU",
      "49700": "CIZAY LA MADELEINE",
      "86120": "POUANCAY",
      "41250": "MASLIVES",
      "44116": "VIEILLEVIGNE",
      "37800": "SAINTE MAURE DE TOURAINE",
      "44330": "VALLET",
      "44470": "SAINT JULIEN DE CONCELLES",
      "86380": "VENDEUVRE DU POITOU",
      "86120": "LES TROIS MOUTIERS",
      "49530": "BOUZILLE",
      "58190": "TANNAY",
      "49380": "THOUARCE",
      "18190": "VENESMES",
      "49560": "NUEIL SUR LAYON",
      "41700": "COUDDES",
      "49170": "LA POSSONNIERE",
      "41110": "SEIGY",
      "49230": "SAINT CRESPIN SUR MOINE",
      "49320": "CHARCE SAINT ELLIER SUR AUBANCE",
      "49700": "DOUE LA FONTAINE",
      "41120": "FOUGERES SUR BIEVRE",
      "41120": "FOUGERES SUR BIEVRE",
      "37500": "CHINON",
      "37140": "RESTIGNE",
      "37140": "BENAIS",
      "37140": "SAINT NICOLAS DE BOURGUEIL",
      "37140": "SAINT NICOLAS DE BOURGUEIL",
      "37140": "SAINT NICOLAS DE BOURGUEIL",
      "37140": "SAINT NICOLAS DE BOURGUEIL",
      "41700": "CONTRES",
      "44120": "VERTOU",
      "49610": "MOZE SUR LOUET",
      "44120": "VERTOU",
      "49400": "SAINT LAMBERT DES LEVEES",
      "79290": "BAGNEUX",
      "37210": "NOIZAY",
      "37140": "SAINT NICOLAS DE BOURGUEIL",
      "37140": "SAINT NICOLAS DE BOURGUEIL",
      "37140": "INGRANDES DE TOURAINE",
      "37500": "CRAVANT LES COTEAUX",
      "37140": "RESTIGNE",
      "37140": "RESTIGNE",
      "37400": "AMBOISE",
      "49190": "SAINT AUBIN DE LUIGNE",
      "49380": "THOUARCE",
      "45370": "CLERY ST ANDRE",
      "49410": "LE MESNIL EN VALLEE",
      "44190": "GORGES",
      "41110": "MAREUIL SUR CHER",
      "41110": "MAREUIL SUR CHER",
      "37150": "CIVRAY DE TOURAINE",
      "37270": "MONTLOUIS SUR LOIRE",
      "41400": "FAVEROLLES SUR CHER",
      "44330": "MOUZILLON",
      "49400": "VARRAINS",
      "49190": "SAINT AUBIN DE LUIGNE",
      "37150": "FRANCUEIL",
      "49260": "MONTREUIL BELLAY",
      "49260": "MONTREUIL BELLAY",
      "49560": "NUEIL SUR LAYON",
      "49400": "SAUMUR",
      "44680": "SAINT MARS DE COUTAIS",
      "86170": "CHARRAIS",
      "44330": "LA CHAPELLE HEULIN",
      "44310": "SAINT PHILBERT DE GRAND LIEU",
      "44680": "SAINTE PAZANNE",
      "86120": "TERNAY",
      "86110": "VARENNES",
      "41400": "SAINT GEORGES SUR CHER",
      "49320": "BLAISON GOHIER",
      "49380": "CHAVAGNES LES EAUX",
      "58240": "LIVRY",
      "37000": "TOURS",
      "03210": "CHEMILLY",
      "49190": "DENEE",
      "49250": "SAINT REMY LA VARENNE",
      "44450": "BARBECHAT",
      "41400": "SAINT GEORGES SUR CHER",
      "44330": "VALLET",
      "49700": "DOUE LA FONTAINE",
      "44430": "LE LOROUX BOTTEREAU",
      "86120": "BERRIE",
      "49530": "DRAIN",
      "44140": "MONTBERT",
      "49560": "NUEIL SUR LAYON",
      "41400": "THENAY",
      "18240": "SAINTE GEMME EN SANCERROIS",
      "86170": "BLASLAY",
      "44140": "AIGREFEUILLE SUR MAINE",
      "86120": "SAIX",
      "41130": "CHATILLON SUR CHER",
      "49380": "FAYE D ANJOU",
      "49540": "MARTIGNE BRIAND",
      "49400": "SAUMUR",
      "49380": "FAYE D ANJOU",
      "49560": "NUEIL SUR LAYON",
      "44580": "BOURGNEUF EN RETZ",
      "86120": "LES TROIS MOUTIERS",
      "49610": "MOZE SUR LOUET",
      "49280": "LA SEGUINIERE",
      "18250": "MONTIGNY",
      "18240": "SAINTE GEMME EN SANCERROIS",
      "49700": "LES ULMES",
      "44330": "LA REGRIPPIERE",
      "44690": "MAISDON SUR SEVRE",
      "37140": "BENAIS",
      "37140": "BENAIS",
      "86110": "VARENNES",
      "49700": "DOUE LA FONTAINE",
      "18300": "SURY EN VAUX",
      "75116": "PARIS",
      "37220": "PANZOULT",
      "49700": "CIZAY LA MADELEINE",
      "37130": "LIGNIERES DE TOURAINE",
      "41100": "VILLIERS SUR LOIR",
      "41100": "VILLIERS SUR LOIR",
      "41110": "SAINT AIGNAN SUR CHER",
      "41400": "MONTHOU SUR CHER",
      "41140": "SAINT ROMAIN SUR CHER",
      "49260": "VAUDELNAY",
      "49400": "VARRAINS",
      "41400": "SAINT GEORGES SUR CHER",
      "49260": "COURCHAMPS",
      "49310": "TREMONT",
      "49320": "BRISSAC QUINCE",
      "49540": "MARTIGNE BRIAND",
      "49400": "SOUZAY CHAMPIGNY",
      "49400": "SOUZAY CHAMPIGNY",
      "49400": "SOUZAY CHAMPIGNY",
      "49400": "SOUZAY CHAMPIGNY",
      "49400": "SOUZAY CHAMPIGNY",
      "49290": "CHALONNES SUR LOIRE",
      "79290": "BOUILLE LORETZ",
      "44330": "VALLET",
      "49320": "SAINT JEAN DES MAUVRETS",
      "37150": "CIVRAY DE TOURAINE",
      "49290": "CHALONNES SUR LOIRE",
      "79290": "BOUILLE SAINT PAUL",
      "41400": "ANGE SUR CHER",
      "49260": "MONTREUIL BELLAY",
      "49260": "LE PUY NOTRE DAME",
      "49600": "LE PUISET DORE",
      "49230": "TILLIERES",
      "37210": "CHANCAY",
      "18120": "QUINCY",
      "37500": "CRAVANT LES COTEAUX",
      "41130": "MEUSNES",
      "49750": "SAINT LAMBERT DU LATTAY",
      "49400": "SAUMUR",
      "49190": "SAINT AUBIN DE LUIGNE",
      "41400": "CHISSAY EN TOURAINE",
      "49730": "TURQUANT",
      "37150": "BLERE",
      "49190": "SAINT AUBIN DE LUIGNE",
      "49750": "SAINT LAMBERT DU LATTAY",
      "37530": "CHARGE",
      "37220": "PANZOULT",
      "37210": "NOIZAY",
      "37140": "SAINT NICOLAS DE BOURGUEIL",
      "41130": "CHATILLON SUR CHER",
      "58200": "SAINT PERE"
      "41400": "PONTLEVOY",
      "49700": "LES VERCHERS SUR LAYON",
      "37210": "NOIZAY",
      "58500": "VILLIERS SUR YONNE",
      "49320": "COUTURES",
      "49540": "MARTIGNE BRIAND",
      "37150": "FRANCUEIL",
      "86380": "MARIGNY BRIZAY",
      "41100": "VILLIERS SUR LOIR",
      "49320": "VAUCHRETIEN",
      "49540": "MARTIGNE BRIAND",
      "58200": "SAINT PERE"
      "37150": "BLERE",
      "49540": "MARTIGNE BRIAND",
      "49380": "FAYE D ANJOU",
      "44680": "SAINTE PAZANNE",
      "44830": "BOUAYE",
      "49400": "SOUZAY CHAMPIGNY",
      "49260": "SAINT CYR EN BOURG",
      "37140": "SAINT NICOLAS DE BOURGUEIL",
      "85320": "MAREUIL SUR LAY DISSAIS",
      "49530": "DRAIN",
      "41110": "SAINT AIGNAN SUR CHER",
      "49230": "TILLIERES",
      "41400": "SAINT GEORGES SUR CHER",
      "37140": "RESTIGNE",
      "37140": "SAINT NICOLAS DE BOURGUEIL",
      "44680": "SAINTE PAZANNE",
      "58130": "URZY",
      "49380": "FAYE D ANJOU",
      "37130": "CHAMBOURG SUR INDRE",
      "49400": "SAUMUR",
      "41700": "FRESNES",
      "44690": "LA HAIE FOUASSIERE",
      "44430": "LE LANDREAU",
      "49290": "CHALONNES SUR LOIRE",
      "49750": "SAINT LAMBERT DU LATTAY",
      "37150": "BLERE",
      "44330": "MOUZILLON",
      "49380": "FAVERAYE MACHELLES",
      "44330": "VALLET",
      "44330": "LE PALLET",
      "49380": "NOTRE DAME D ALLENCON",
      "37220": "PANZOULT",
      "44430": "LE LANDREAU",
      "49260": "SAINT JUST SUR DIVE",
      "37140": "SAINT NICOLAS DE BOURGUEIL",
      "49260": "LE PUY NOTRE DAME",
      "49730": "MONTSOREAU",
      "49670": "VALANJOU",
      "37140": "RESTIGNE",
      "41400": "ANGE SUR CHER",
      "72340": "CHAHAIGNES",
      "49260": "LE PUY NOTRE DAME",
      "41140": "SAINT ROMAIN SUR CHER",
      "49400": "SOUZAY CHAMPIGNY",
      "41110": "POUILLE",
      "79100": "MAUZE THOUARSAIS",
      "41110": "POUILLE",
      "72340": "MARCON",
      "37420": "BEAUMONT EN VERON",
      "41400": "SAINT GEORGES SUR CHER",
      "44690": "MAISDON SUR SEVRE",
      "44330": "MOUZILLON",
      "37140": "BENAIS",
      "37140": "BENAIS",
      "44830": "BOUAYE",
      "49400": "SOUZAY CHAMPIGNY",
      "49320": "BRISSAC QUINCE",
      "49320": "SAINT JEAN DES MAUVRETS",
      "41150": "MESLAND",
      "49610": "JUIGNE SUR LOIRE",
      "41700": "SASSAY",
      "49260": "SAINT CYR EN BOURG",
      "37500": "CHINON",
      "49260": "ARTANNES SUR THOUET",
      "49540": "MARTIGNE BRIAND",
      "49380": "NOTRE DAME D ALLENCON",
      "37500": "LIGRE",
      "49400": "VARRAINS",
      "41120": "FOUGERES SUR BIEVRE",
      "37500": "CRAVANT LES COTEAUX",
      "18120": "QUINCY",
      "41110": "POUILLE",
      "49320": "SAINT JEAN DES MAUVRETS",
      "41400": "MONTHOU SUR CHER",
      "41180": "MESLAND",
      "49540": "TIGNE",
      "49190": "ROCHEFORT SUR LOIRE",
      "03500": "CESSET",
      "37530": "LIMERAY",
      "49750": "SAINT LAMBERT DU LATTAY",
      "41110": "SAINT AIGNAN SUR CHER",
      "49380": "THOUARCE",
      "49540": "TIGNE",
      "44330": "LE PALLET",
      "49400": "VARRAINS",
      "49730": "PARNAY",
      "49540": "MARTIGNE BRIAND",
      "49290": "CHALONNES SUR LOIRE",
      "49400": "SAUMUR",
      "49540": "MARTIGNE BRIAND",
      "49610": "JUIGNE SUR LOIRE",
      "49190": "SAINT AUBIN DE LUIGNE",
      "49380": "THOUARCE",
      "44118": "LA CHEVROLIERE",
      "49730": "TURQUANT",
      "49400": "VARRAINS",
      "49260": "MONTREUIL BELLAY",
      "49190": "SAINT AUBIN DE LUIGNE",
      "37140": "BOURGUEIL",
      "49320": "VAUCHRETIEN",
      "41150": "MESLAND",
      "49750": "SAINT LAMBERT DU LATTAY",
      "37220": "BRIZAY",
      "49260": "LE PUY NOTRE DAME",
      "41400": "SAINT GEORGES SUR CHER",
      "49290": "CHAUDEFONDS SUR LAYON",
      "44830": "BOUAYE",
      "85670": "SAINT ETIENNE DU BOIS",
      "49260": "MONTREUIL BELLAY",
      "86110": "CHOUPPES",
      "49260": "MONTREUIL BELLAY",
      "49380": "FAVERAYE MACHELLES",
      "37140": "RESTIGNE",
      "37400": "AMBOISE",
      "49400": "SAUMUR",
      "79290": "CERSAY",
      "49700": "BROSSAY",
      "49380": "FAYE D ANJOU",
      "44330": "LE PALLET",
      "49700": "LES ULMES",
      "37140": "INGRANDES DE TOURAINE",
      "41150": "RILLY SUR LOIRE",
      "49750": "RABLAY SUR LAYON",
      "49400": "VARRAINS",
      "37270": "MONTLOUIS SUR LOIRE",
      "49400": "VARRAINS",
      "49540": "TIGNE",
      "49190": "SAINT AUBIN DE LUIGNE",
      "41400": "PONTLEVOY",
      "49260": "LE PUY NOTRE DAME",
      "49400": "SAUMUR",
      "49400": "VARRAINS",
      "49750": "RABLAY SUR LAYON",
      "49400": "VARRAINS",
      "49700": "DOUE LA FONTAINE",
      "44120": "VERTOU",
      "49380": "THOUARCE",
      "49380": "THOUARCE",
      "49400": "CHACE",
      "37140": "SAINT NICOLAS DE BOURGUEIL",
      "49320": "VAUCHRETIEN",
      "18300": "SURY EN VAUX",
      "49190": "SAINT AUBIN DE LUIGNE",
      "44330": "LE PALLET",
      "49400": "CHACE",
      "49400": "CHACE",
      "49410": "LA CHAPELLE SAINT FLORENT",
      "49730": "TURQUANT",
      "49190": "SAINT AUBIN DE LUIGNE",
      "86170": "NEUVILLE DE POITOU",
      "49260": "SAINT MACAIRE DU BOIS",
      "41120": "MONTHOU SUR BIEVRE",
      "37140": "SAINT NICOLAS DE BOURGUEIL",
      "49260": "SAINT JUST SUR DIVE",
      "41700": "OISLY",
      "49560": "NUEIL SUR LAYON",
      "44830": "BOUAYE",
      "49400": "SAUMUR",
      "49750": "SAINT LAMBERT DU LATTAY",
      "36200": "LE MENOUX",
      "49230": "TILLIERES",
      "49380": "THOUARCE",
      "49530": "LIRE",
      "49400": "DISTRE",
      "49320": "GREZILLE",
      "49310": "SAINT HILAIRE DU BOIS",
      "49260": "LE PUY NOTRE DAME",
      "49270": "LANDEMONT",
      "41120": "VALAIRE",
      "58700": "LA CELLE SUR NIEVRE",
      "37420": "SAVIGNY EN VERON",
      "37140": "SAINT NICOLAS DE BOURGUEIL",
      "58150": "POUILLY SUR LOIRE",
      "49380": "FAYE D ANJOU",
      "41150": "RILLY SUR LOIRE",
      "85440": "TALMONT ST HILAIRE",
      "37140": "RESTIGNE",
      "49260": "SAINT CYR EN BOURG",
      "37530": "LIMERAY",
      "58150": "POUILLY SUR LOIRE",
      "37140": "SAINT NICOLAS DE BOURGUEIL",
      "86140": "LENCLOITRE",
      "41700": "FRESNES",
      "49700": "LES VERCHERS SUR LAYON",
      "41130": "MEUSNES",
      "79290": "BRION PRES THOUET",
      "49750": "BEAULIEU SUR LAYON",
      "36400": "NERET"
      "41140": "THESEE",
      "44830": "BOUAYE",
      "18300": "SANCERRE",
      "58350": "CHASNAY",
      "41110": "POUILLE",
      "44330": "LE PALLET",
      "49400": "CHACE",
      "49190": "ROCHEFORT SUR LOIRE",
      "41700": "SASSAY",
      "49540": "MARTIGNE BRIAND",
      "49540": "AUBIGNE SUR LAYON",
      "41400": "SAINT GEORGES SUR CHER",
      "37140": "RESTIGNE",
      "49320": "SAINT SATURNIN SUR LOIRE",
      "49290": "CHAUDEFONDS SUR LAYON",
      "18120": "QUINCY",
      "41400": "THENAY",
      "49270": "LA VARENNE",
      "49430": "HUILLE",
      "41130": "SELLES SUR CHER",
      "49190": "SAINT AUBIN DE LUIGNE",
      "41250": "CHAMBORD",
      "03500": "SAINT POURCAIN SUR SIOULE",
      "41800": "HOUSSAY",
      "49750": "SAINT LAMBERT DU LATTAY",
      "37140": "SAINT NICOLAS DE BOURGUEIL",
      "49750": "RABLAY SUR LAYON",
      "37190": "RIVARENNES",
      "49290": "CHAUDEFONDS SUR LAYON",
      "41700": "OISLY",
      "49700": "LES VERCHERS SUR LAYON",
      "41140": "SAINT ROMAIN SUR CHER",
      "49400": "SOUZAY CHAMPIGNY",
      "49190": "SAINT AUBIN DE LUIGNE",
      "41140": "THESEE",
      "49750": "SAINT LAMBERT DU LATTAY",
      "49700": "LES VERCHERS SUR LAYON",
      "49290": "CHAUDEFONDS SUR LAYON",
      "49320": "BRISSAC QUINCE",
      "44690": "CHÂTEAU THEBAUD",
      "41700": "FRESNES",
      "85470": "BREM SUR MER",
      "49170": "SAVENNIERES",
      "49170": "SAVENNIERES",
      "37230": "FONDETTES",
      "49400": "SAUMUR",
      "49190": "SAINT AUBIN DE LUIGNE",
      "34500": "BEZIERS",
      "49190": "ROCHEFORT SUR LOIRE",
      "58150": "SAINT MARTIN SUR NOHAIN",
      "44330": "MOUZILLON",
      "41140": "THESEE",
      "85114": "JARD SUR MER",
      "37150": "FRANCUEIL",
      "49700": "DOUE LA FONTAINE",
      "44690": "MAISDON SUR SEVRE",
      "49320": "BLAISON GOHIER",
      "49320": "BLAISON GOHIER",
      "44430": "LE LOROUX BOTTEREAU",
      "41700": "COUR CHEVERNY",
      "49400": "SAUMUR",
      "41120": "OUCHAMPS",
      "49700": "LES ULMES",
      "49560": "CLERE SUR LAYON",
      "49260": "SAINT CYR EN BOURG",
      "41500": "MUIDES SUR LOIRE",
      "49260": "BREZE",
      "86120": "SAINT LEGER DE MONTBRILLAIS",
      "49410": "LA CHAPELLE SAINT FLORENT",
      "49260": "LE PUY NOTRE DAME",
      "86120": "CURCAY SUR DIVE",
      "49270": "SAINT SAUVEUR DE LANDEMONT",
      "49560": "CLERE SUR LAYON",
      "49270": "SAINT CHRISTOPHE LA COUPERIE",
      "49260": "SAINT CYR EN BOURG",
      "49230": "TILLIERES",
      "44190": "GORGES",
      "44430": "LE LOROUX BOTTEREAU",
      "49670": "VALANJOU",
      "44190": "GORGES",
      "49320": "GREZILLE",
      "86120": "LES TROIS MOUTIERS",
      "86380": "CHABOURNAY",
      "58150": "TRACY SUR LOIRE",
      "41110": "COUFFY",
      "37140": "INGRANDES DE TOURAINE",
      "49380": "ROCHEFORT SUR LOIRE",
      "49560": "CLERE SUR LAYON",
      "49700": "CONCOURSON SUR LAYON",
      "86170": "BLASLAY",
      "41350": "SAINT CLAUDE DE DIRAY",
      "49400": "CHACE",
      "45160": "SAINT HILAIRE SAINT MESMIN",
      "37310": "CHAMBOURG SUR INDRE",
      "49750": "SAINT LAMBERT DU LATTAY",
      "49750": "SAINT LAMBERT DU LATTAY",
      "86380": "VENDEUVRE DU POITOU",
      "49270": "SAINT SAUVEUR DE LANDEMONT",
      "44830": "BOUAYE",
      "49380": "FAVERAYE MACHELLES",
      "49310": "TREMONT",
      "86170": "CHERVES",
      "44118": "LA CHEVROLIERE",
      "44115": "HAUTE GOULAINE",
      "37150": "CIVRAY DE TOURAINE",
      "44690": "SAINT FIACRE SUR MAINE",
      "44310": "SAINT COLOMBAN",
      "44430": "LA REMAUDIERE",
      "44140": "MONTBERT",
      "44310": "LA LIMOUZINIERE",
      "37500": "SAINT GERMAIN SUR VIENNE",
      "44310": "SAINT PHILBERT DE GRANDLIEU",
      "49700": "SAINT GEORGES SUR LAYON",
      "49700": "DENEZE SOUS DOUE",
      "86170": "MASSOGNES",
      "49260": "MONTREUIL BELLAY",
      "44310": "SAINT PHILBERT DE GRAND LIEU",
      "44330": "LA REGRIPPIERE",
      "44330": "MOUZILLON",
      "86170": "MASSOGNES",
      "44760": "LES MOUTIERS EN RETZ",
      "37210": "VERNOU SUR BRENNE",
      "86170": "NEUVILLE DE POITOU",
      "37220": "PANZOULT",
      "86110": "CHOUPPES",
      "44150": "ANCENIS",
      "49530": "LIRE",
      "49260": "SAINT CYR EN BOURG",
      "44690": "MAISDON SUR SEVRE",
      "37140": "RESTIGNE",
      "41700": "CHEMERY",
      "41140": "SAINT ROMAIN SUR CHER",
      "37420": "BEAUMONT EN VERON",
      "37140": "BENAIS",
      "37140": "RESTIGNE",
      "49380": "FAVERAYE MACHELLES",
      "49750": "RABLAY SUR LAYON",
      "41140": "THESEE",
      "41111": "0	SAINT AIGNAN SUR CHER",
      "37210": "VOUVRAY",
      "49700": "BROSSAY",
      "79290": "BOUILLE LORETZ",
      "44330": "LE PALLET",
      "37270": "SAINT MARTIN LE BEAU",
      "44430": "LE LOROUX BOTTEREAU",
      "36600": "FONTGUENAND",
      "49530": "LIRE",
      "37130": "SAINT PATRICE",
      "18300": "CREZANCY EN SANCERRE",
      "49540": "TIGNE",
      "49290": "CHAUDEFONDS SUR LAYON",
      "37150": "CHENONCEAUX",
      "44190": "SAINT LUMINE DE CLISSON",
      "37530": "MOSNES",
      "49700": "LES VERCHERS SUR LAYON",
      "49170": "SAVENNIERES",
      "37140": "INGRANDES DE TOURAINE",
      "49260": "MONTREUIL BELLAY",
      "37140": "BOURGUEIL",
      "49400": "CHACE",
      "49260": "SAINT CYR EN BOURG",
      "41400": "ANGE SUR CHER",
      "41700": "CONTRES",
      "44430": "LE LOROUX BOTTEREAU",
      "86530": "NAINTRE",
      "41110": "SAINT AIGNAN SUR CHER",
      "41110": "CHATEAUVIEUX",
      "49730": "PARNAY",
      "49260": "VAUDELNAY",
      "41700": "FRESNES",
      "49400": "SOUZAY CHAMPIGNY",
      "45420": "BONNY SUR LOIRE",
      "49260": "VAUDELNAY",
      "44310": "SAINT PHILBERT DE GRAND LIEU",
      "49260": "SAINT CYR EN BOURG",
      "49320": "COUTURES",
      "49400": "SAUMUR",
      "49400": "SAUMUR",
      "49260": "SAINT CYR EN BOURG",
      "49260": "SAINT JUST SUR DIVE",
      "49320": "BRISSAC QUINCE",
      "49230": "TILLIERES",
      "41100": "MAZANGE",
      "44690": "SAINT FIACRE SUR MAINE",
      "49260": "MONTREUIL BELLAY",
      "49410": "LA CHAPELLE SAINT FLORENT",
      "36600": "LYE",
      "85320": "LA COUTURE",
      "41110": "POUILLE",
      "37150": "FRANCUEIL",
      "85310": "SAINT FLORENT DES BOIS",
      "37210": "SAZILLY",
      "49260": "LE PUY NOTRE DAME",
      "49700": "LES VERCHERS SUR LAYON",
      "41400": "ANGE SUR CHER",
      "44330": "LA CHAPELLE HEULIN",
      "44330": "MOUZILLON",
      "37140": "SAINT NICOLAS DE BOURGUEIL",
      "49170": "SAVENNIERES",
      "44690": "MAISDON SUR SEVRE",
      "49260": "VAUDELNAY",
      "49750": "SAINT LAMBERT DU LATTAY",
      "49290": "CHAUDEFONDS SUR LAYON",
      "49290": "CHAUDEFONDS SUR LAYON",
      "37150": "FRANCUEIL",
      "41100": "VILLIERS SUR LOIR",
      "44310": "SAINT PHILBERT DE GRANDLIEU",
      "79230": "PRAHECQ",
      "49700": "LES VERCHERS SUR LAYON",
      "49540": "TIGNE",
      "86110": "THURAGEAU",
      "44330": "LA REGRIPPIERE",
      "41700": "SASSAY",
      "37500": "LIGRE",
      "41100": "NAVEIL",
      "41100": "MARCILLY EN BEAUCE",
      "49320": "BRISSAC QUINCE",
      "44860": "PONT ST MARTIN",
      "79390": "DOUX",
      "44650": "CORCOUE SUR LOGNE",
      "49400": "DISTRE",
      "37270": "SAINT MARTIN LE BEAU",
      "49080": "BOUCHEMAINE",
      "49230": "SAINT CRESPIN SUR MOINE",
      "49230": "SAINT CRESPIN SUR MOINE",
      "44330": "LA REGRIPPIERE",
      "18300": "SANCERRE",
      "36600": "LYE",
      "36600": "LYE",
      "37140": "RESTIGNE",
      "44430": "LE LANDREAU",
      "18300": "VERDIGNY",
      "49190": "ROCHEFORT SUR LOIRE",
      "49260": "BREZE",
      "44120": "VERTOU",
      "49540": "LA FOSSE DE TIGNE",
      "49230": "TILLIERES",
      "49610": "SOULAINES SUR AUBANCE",
      "44330": "MOUZILLON",
      "41110": "MAREUIL SUR CHER",
      "37000": "TOURS",
      "36600": "LYE",
      "49700": "LES VERCHERS SUR LAYON",
      "49700": "LES VERCHERS SUR LAYON",
      "49400": "SAUMUR",
      "58200": "ALLIGNY COSNE",
      "49260": "LE PUY NOTRE DAME",
      "49260": "SAINT CYR EN BOURG",
      "49260": "SAINT CYR EN BOURG",
      "49260": "SAINT CYR EN BOURG",
      "37420": "HUISMES",
      "41400": "SAINT GEORGES SUR CHER",
      "49540": "TIGNE",
      "49700": "AMBILLOU CHATEAU",
      "18300": "VERDIGNY",
      "49700": "AMBILLOU CHATEAU",
      "41140": "SAINT ROMAIN SUR CHER",
      "41140": "SAINT ROMAIN SUR CHER",
      "41140": "SAINT ROMAIN SUR CHER",
      "49540": "MARTIGNE BRIAND",
      "49400": "DISTRE",
      "75015": "PARIS 15",
      "49750": "SAINT LAMBERT DU LATTAY",
      "49750": "SAINT LAMBERT DU LATTAY",
      "86120": "TERNAY",
      "37500": "LIGRE",
      "37270": "ATHEE SUR CHER",
      "44190": "GORGES",
      "49310": "TREMONT",
      "49310": "TANCOIGNE",
      "49400": "SAUMUR",
      "49320": "COUTURES",
      "72340": "MARCON",
      "49380": "CHAMP SUR LAYON",
      "49380": "CHAMP SUR LAYON",
      "49750": "BEAULIEU SUR LAYON",
      "37530": "MOSNES",
      "37530": "MOSNES",
      "86170": "CHAMPIGNY LE SEC",
      "49310": "MONTILLIERS",
      "49310": "CERNUSSON",
      "58350": "ARBOURSE",
      "41400": "SAINT GEORGES SUR CHER",
      "49320": "LES ALLEUDS",
      "45370": "MEZIERES LES CLERY",
      "37130": "CINQ MARS LA PILE",
      "44330": "LE PALLET",
      "53940": "SAINT BERTHEVIN",
      "41400": "THENAY",
      "44330": "MOUZILLON",
      "23220": "MORTROUX",
      "49320": "COUTURES",
      "49700": "CONCOURSON SUR LAYON",
      "41140": "MEHERS",
      "37150": "FRANCUEIL",
      "37530": "MOSNES",
      "37530": "MOSNES",
      "41140": "THESEE",
      "41400": "SAINT GEORGES SUR CHER",
      "49730": "MONTSOREAU",
      "49190": "ROCHEFORT SUR LOIRE",
      "37140": "INGRANDES DE TOURAINE",
      "49540": "TIGNE",
      "37530": "NAZELLES NEGRON",
      "44330": "MOUZILLON",
      "36600": "LA VERNELLE",
      "85470": "BREM SUR MER",
      "49700": "LES VERCHERS SUR LAYON",
      "03210": "BESSON",
      "41700": "CHEMERY",
      "86170": "CHERVES",
      "41700": "CHEMERY",
      "41700": "CHEMERY",
      "41700": "CHEMERY",
      "49750": "CHANZEAUX",
      "49540": "TIGNE",
      "49380": "CHAVAGNES LES EAUX",
      "49670": "VALANJOU",
      "37220": "TAVANT",
      "41140": "SAINT ROMAIN SUR CHER",
      "37150": "FRANCUEIL",
      "37210": "CHANCAY",
      "37270": "MONTLOUIS SUR LOIRE",
      "49380": "CHAVAGNES LES EAUX",
      "49750": "BEAULIEU SUR LAYON",
      "41100": "VENDOME",
      "49260": "VAUDELNAY",
      "37150": "LA CROIX EN TOURAINE",
      "49260": "LE PUY NOTRE DAME",
      "41350": "MONTLIVAULT",
      "41700": "COUR CHEVERNY",
      "41350": "SAINT CLAUDE DE DIRAY",
      "49700": "LES VERCHERS SUR LAYON",
      "49700": "AMBILLOU CHATEAU",
      "41700": "CONTRES",
      "49380": "FAVERAYE MACHELLES",
      "49380": "NOTRE DAME D ALLENCON",
      "41110": "POUILLE",
      "41130": "MEUSNES",
      "41140": "NOYERS SUR CHER",
      "41110": "POUILLE",
      "79100": "OIRON",
      "49380": "THOUARCE",
      "44450": "SAINT JULIEN DE CONCELLES",
      "49400": "VARRAINS",
      "58350": "CHASNAY",
      "41400": "PONTLEVOY",
      "37500": "CRAVANT LES COTEAUX",
      "18300": "MENETOU RATEL",
      "49560": "NUEIL SUR LAYON",
      "49400": "VARRAINS",
      "44690": "MAISDON SUR SEVRE",
      "86120": "BERRIE",
      "41400": "THENAY",
      "44690": "CHÂTEAU THEBAUD",
      "49150": "LE VIEIL BAUGE",
      "44310": "SAINT COLOMBAN",
      "41140": "NOYERS SUR CHER",
      "86110": "AMBERRE",
      "41400": "MONTHOU SUR CHER",
      "49260": "MONTREUIL BELLAY",
      "49700": "LES VERCHERS SUR LAYON",
      "49320": "BLAISON GOHIER",
      "41700": "COUR CHEVERNY",
      "44196": "SAINT LUMINE DE CLISSON",
      "58190": "ASNOIS",
      "49380": "FAYE D ANJOU",
      "41140": "MEHERS",
      "37150": "CIVRAY DE TOURAINE",
      "41140": "THESEE",
      "41700": "OISLY",
      "49270": "SAINT LAURENT DES AUTELS",
      "49380": "FAYE D ANJOU",
      "18240": "SAINTE GEMME EN SANCERROIS",
      "41110": "CHATEAUVIEUX",
      "44330": "VALLET",
      "49380": "CHAVAGNES LES EAUX",
      "41700": "CHOUSSY",
      "41700": "CHOUSSY",
      "49270": "LANDEMONT",
      "49230": "SAINT GERMAIN SUR MOINE",
      "44710": "PORT ST PERE",
      "41140": "NOYERS SUR CHER",
      "49540": "MARTIGNE BRIAND",
      "49260": "LE PUY NOTRE DAME",
      "44310": "SAINT PHILBERT DE GRAND LIEU",
      "41140": "NOYERS SUR CHER",
      "44680": "SAINT MARS DE COUTAIS",
      "69220": "SAINT JEAN D'ARDIERES",
      "37290": "BOUSSAY",
      "44430": "LE LANDREAU",
      "58150": "TRACY SUR LOIRE",
      "49270": "LA VARENNE",
      "49310": "LES CERQUEUX SOUS PASSAVANT",
      "49670": "VALANJOU",
      "37140": "BOURGUEIL",
      "49290": "CHALONNES SUR LOIRE",
      "49610": "SAINT MELAINE SUR AUBANCE",
      "49620": "LA POMMERAYE",
      "86110": "SAINT MARTIN LA PALLU",
      "86110": "VARENNES",
      "49540": "TIGNE",
      "49290": "CHAUDEFONDS SUR LAYON",
      "49290": "CHALONNES SUR LOIRE",
      "49380": "THOUARCE",
      "49380": "CHAMP SUR LAYON",
      "49380": "CHAMP SUR LAYON",
      "49310": "TREMONT",
      "18300": "SURY EN VAUX",
      "49310": "TREMONT",
      "37140": "SAINT NICOLAS DE BOURGUEIL",
      "37150": "BLERE",
      "58190": "VIGNOL"
      "49320": "COUTURES",
      "44330": "VALLET",
      "44190": "CLISSON",
      "41110": "MAREUIL SUR CHER",
      "37210": "VOUVRAY",
      "37530": "LIMERAY",
      "49530": "LIRE",
      "49270": "CHAMPTOCEAUX",
      "37140": "RESTIGNE",
      "37270": "SAINT MARTIN LE BEAU",
      "49380": "CHAVAGNES LES EAUX",
      "49700": "AMBILLOU CHATEAU",
      "49260": "SAINT JUST SUR DIVE",
      "49260": "LE COUDRAY MACOUARD",
      "49700": "SAINT GEORGES SUR LAYON",
      "41130": "MEUSNES",
      "41150": "RILLY SUR LOIRE",
      "44190": "CLISSON",
      "44830": "BRAINS",
      "49380": "FAVERAYE MACHELLES",
      "86120": "SAIX",
      "44650": "LEGE",
      "86110": "VARENNES",
      "49260": "MONTREUIL BELLAY",
      "44860": "PONT ST MARTIN",
      "49320": "GREZILLE",
      "49560": "PASSAVANT SUR LAYON",
      "49560": "NUEIL SUR LAYON",
      "49560": "NUEIL SUR LAYON",
      "44690": "SAINT FIACRE SUR MAINE",
      "37140": "SAINT NICOLAS DE BOURGUEIL",
      "37270": "SAINT MARTIN LE BEAU",
      "37270": "MONTLOUIS SUR LOIRE",
      "41140": "THESEE",
      "49190": "SAINT AUBIN DE LUIGNE",
      "44330": "LA REGRIPPIERE",
      "49260": "EPIEDS",
      "49260": "EPIEDS",
      "37790": "VALLERES",
      "36600": "LYE",
      "45370": "CLERY ST ANDRE",
      "49540": "TIGNE",
      "49540": "MARTIGNE BRIAND",
      "49260": "VAUDELNAY",
      "85310": "LE TABLIER",
      "41140": "THESEE",
      "49000": "ANGERS",
      "41150": "MESLAND",
      "49380": "FAYE D ANJOU",
      "49260": "SAINT MACAIRE DU BOIS",
      "41230": "SOING EN SOLOGNE",
      "41230": "SOINGS EN SOLOGNE",
      "37220": "PANZOULT",
      "44830": "BRAINS",
      "37530": "SAINT OUEN LES VIGNES",
      "41360": "LUNAY",
      "37140": "SAINT NICOLAS DE BOURGUEIL",
      "37140": "SAINT NICOLAS DE BOURGUEIL",
      "37140": "SAINT NICOLAS DE BOURGUEIL",
      "37270": "MONTLOUIS SUR LOIRE",
      "44830": "BRAINS",
      "44330": "MOUZILLON",
      "44310": "SAINT PHILBERT DE GRAND LIEU",
      "49320": "SAINT SATURNIN SUR LOIRE",
      "49320": "SAINT SATURNIN SUR LOIRE",
      "44690": "MONNIERES",
      "49260": "VAUDELNAY",
      "49700": "DOUE LA FONTAINE",
      "49270": "SAINT SAUVEUR DE LANDEMONT",
      "44330": "VALLET",
      "49700": "BRIGNE",
      "18120": "QUINCY",
      "37140": "RESTIGNE",
      "37140": "RESTIGNE",
      "37140": "RESTIGNE",
      "49320": "VAUCHRETIEN",
      "49700": "LES ULMES",
      "18300": "SANCERRE",
      "18300": "SANCERRE",
      "41110": "SEIGY",
      "41110": "SEIGY",
      "58210": "MARCY",
      "49700": "MONTFORT",
      "41400": "SAINT GEORGES SUR CHER",
      "49700": "SAINT GEORGES SUR LAYON",
      "41230": "SOINGS EN SOLOGNE",
      "49260": "MONTREUIL BELLAY",
      "41350": "SAINT CLAUDE DE DIRAY",
      "49700": "BRIGNE",
      "86120": "SAINT LEGER DE MONTBRILLAIS",
      "86120": "SAINT LEGER DE MONTBRILLAIS",
      "36600": "VILLENTROIS",
      "44330": "MOUZILLON",
      "44330": "VALLET",
      "44430": "LE LANDREAU",
      "44430": "LE LOROUX BOTTEREAU",
      "41140": "NOYERS SUR CHER",
      "49260": "MONTREUIL BELLAY",
      "41110": "SAINT AIGNAN SUR CHER",
      "49320": "GREZILLE",
      "49310": "VIHIERS",
      "37210": "CHANCAY",
      "41130": "SELLES SUR CHER",
      "34070": "MONTPELLIER",
      "49380": "THOUARCE",
      "49320": "CHARCE SAINT ELLIER SUR AUBANCE",
      "26150": "DIE",
      "49190": "SAINT AUBIN DE LUIGNE",
      "37140": "SAINT NICOLAS DE BOURGUEIL",
      "49380": "FAYE D ANJOU",
      "86120": "SAIX",
      "85320": "ROSNAY",
      "85320": "MAREUIL SUR LAY DISSAIS",
      "49700": "LOURESSE ROCHEMENIER",
      "86120": "SAINT LEGER DE MONTBRILLAIS",
      "44310": "LA LIMOUZINIERE",
      "37500": "CRAVANT LES COTEAUX",
      "44140": "MONTBERT",
      "49230": "SAINT CRESPIN SUR MOINE",
      "44690": "MAISDON SUR SEVRE",
      "49320": "LES ALLEUDS",
      "49750": "RABLAY SUR LAYON",
      "37500": "ANCHE",
      "45160": "SAINT HILAIRE SAINT MESMIN",
      "45370": "MEZIERES LES CLERY",
      "41400": "SAINT GEORGES SUR CHER",
      "37210": "VERNOU SUR BRENNE",
      "37320": "ESVRES",
      "41400": "MONTRICHARD",
      "18120": "BRINAY",
      "44190": "SAINT LUMINE DE CLISSON",
      "44310": "LA LIMOUZINIERE",
      "37210": "CHANCAY",
      "49320": "SAINT SATURNIN SUR LOIRE",
      "37270": "ATHEE SUR CHER",
      "49310": "MONTILLIERS",
      "49100": "ANGERS",
      "41110": "POUILLE",
      "44190": "SAINT LUMINE DE CLISSON",
      "49670": "VALANJOU",
      "49750": "SAINT LAMBERT DU LATTAY",
      "49230": "TILLIERES",
      "49290": "CHALONNES SUR LOIRE",
      "41350": "VINEUIL",
      "49610": "MURS ERIGNE",
      "49260": "VAUDELNAY",
      "49380": "CHAVAGNES LES EAUX",
      "49400": "VARRAINS",
      "49400": "VARRAINS",
      "18300": "SANCERRE",
      "49260": "MONTREUIL BELLAY",
      "41120": "OUCHAMPS",
      "41120": "OUCHAMPS",
      "37150": "CHISSEAUX",
      "37150": "CHISSEAUX",
      "44430": "LE LOROUX BOTTEREAU",
      "49540": "LA FOSSE DE TIGNE",
      "49270": "LA VARENNE",
      "49260": "LE PUY NOTRE DAME",
      "36600": "LYE",
      "41230": "SOINGS EN SOLOGNE",
      "49560": "NUEIL SUR LAYON",
      "49700": "CONCOURSON SUR LAYON",
      "41100": "VILIERS SUR LOIR",
      "44430": "LE LOROUX BOTTEREAU",
      "86130": "JAUNAY CLAN",
      "49290": "CHAUDEFONDS SUR LAYON",
      "49190": "ROCHEFORT SUR LOIRE",
      "79100": "THOUARS",
      "69220": "SAINT JEAN D ARDIERES",
      "41700": "COUDDES",
      "49380": "CHAMP SUR LAYON",
      "49400": "SAUMUR",
      "79290": "CERSAY",
      "49610": "SOULAINES SUR AUBANCE",
      "49410": "LA CHAPELLE SAINT FLORENT",
      "79290": "BOUILLE LORETZ",
      "86120": "LES TROIS MOUTIERS",
      "49260": "BREZE",
      "49700": "LES VERCHERS SUR LAYON",
      "49320": "SAINT JEAN DES MAUVRETS",
      "49560": "NUEIL SUR LAYON",
      "41140": "SAINT ROMAIN SUR CHER",
      "49540": "MARTIGNE BRIAND",
      "36600": "FONTGUENAND",
      "41110": "SEIGY",
      "44190": "SAINT HILAIRE DE CLISSON",
      "37150": "SAINT PATRICE",
      "49560": "PASSAVANT SUR LAYON",
      "49750": "SAINT LAMBERT DU LATTAY",
      "49400": "SAUMUR",
      "49700": "LES VERCHERS SUR LAYON",
      "86120": "TERNAY",
      "86110": "THURAGEAU",
      "49560": "NUEIL SUR LAYON",
      "44690": "CHÂTEAU THEBAUD",
      "41110": "SAINT AIGNAN SUR CHER",
      "85670": "SAINT ETIENNE DU BOIS",
      "79290": "BOUILLE LORETZ",
      "37220": "BRIZAY",
      "49730": "TURQUANT",
      "49260": "SAINT CYR EN BOURG",
      "49260": "LE COUDRAY MACOUARD",
      "49700": "DOUE LA FONTAINE",
      "41140": "SAINT ROMAIN SUR CHER",
      "86120": "POUANCAY",
      "49700": "MEIGNE",
      "79290": "BOUILLE LORETZ",
      "18300": "SANCERRE",
      "44690": "CHÂTEAU - THEBAUD",
      "44690": "MAISDON SUR SEVRE",
      "49260": "MONTREUIL BELLAY",
      "41110": "SAINT AIGNAN SUR CHER",
      "86380": "CHABOURNAY",
      "85470": "BREM SUR MER",
      "00003": "FLEURIEL",
      "86170": "VOUZAILLES",
      "58350": "CHASNAY",
      "18300": "VERDIGNY",
      "41700": "COUR CHEVERNY",
      "37150": "FRANCUEIL",
      "03450": "VICQ",
      "41100": "THORE LA ROCHETTE",
      "41230": "SOINGS EN SOLOGNE",
      "41700": "CHEMERY",
      "41700": "CHEMERY",
      "49700": "BRIGNE",
      "49700": "DOUE LA FONTAINE",
      "44330": "MOUZILLON",
      "49230": "TILLIERES",
      "44330": "VALLET",
      "37210": "VOUVRAY",
      "44330": "VALLET",
      "41400": "SAINT GEORGES SUR CHER",
      "41130": "CHATILLON SUR CHER",
      "36600": "VEUIL",
      "41130": "CHATILLON SUR CHER",
      "79290": "BOUILLE LORETZ",
      "36260": "REUILLY",
      "49540": "MARTIGNE BRIAND",
      "41130": "MEUSNES",
      "41140": "THESEE",
      "49260": "VAUDELNAY",
      "86110": "MIREBEAU",
      "49260": "SAINT JUST SUR DIVE",
      "44450": "BARBECHAT",
      "49260": "SAINT JUST SUR DIVE",
      "49260": "SAINT JUST SUR DIVE",
      "89800": "MALIGNY",
      "37140": "INGRANDES DE TOURAINE",
      "37140": "SAINT NICOLAS DE BOURGUEIL",
      "44120": "VERTOU",
      "49320": "COUTURES",
      "79290": "BOUILLE LORETZ",
      "44850": "LIGNE",
      "49400": "SAUMUR",
      "49400": "SAUMUR",
      "58200": "POUGNY",
      "45370": "MAREAU AUX PRES",
      "37270": "SAINT MARTIN LE BEAU",
      "18300": "SAINT SATUR",
      "18300": "BANNAY",
      "18300": "BANNAY",
      "37150": "BLERE",
      "49700": "MONTFORT",
      "03500": "BRANSAT",
      "18270": "SIDIALLES",
      "49400": "SOUZAY CHAMPIGNY",
      "37270": "MONTLOUIS SUR LOIRE",
      "49260": "VAUDELNAY",
      "37270": "AZAY SUR CHER",
      "41110": "CHATEAUVIEUX",
      "41700": "CHEVERNY",
      "18300": "CREZANCY EN SANCERRE",
      "37140": "BENAIS",
      "49270": "LANDEMONT",
      "41700": "COUR CHEVERNY",
      "41400": "MONTHOU SUR CHER",
      "49310": "TREMONT",
      "49540": "TIGNE",
      "49320": "LES ALLEUDS",
      "41700": "CHOUSSY",
      "41110": "SEIGY",
      "49700": "LES VERCHERS SUR LAYON",
      "18300": "MENETOU-RATEL",
      "86380": "MARIGNY BRIZAY",
      "86170": "NEUVILLE DE POITOU",
      "49400": "VARRAINS",
      "49730": "MONTSOREAU",
      "49380": "CHAMP SUR LAYON",
      "49270": "LANDEMONT",
      "49540": "LA FOSSE DE TIGNE",
      "49190": "ROCHEFORT SUR LOIRE",
      "49380": "FAVERAYE MACHELLES",
      "49260": "BREZE",
      "41400": "ANGE SUR CHER",
      "49260": "LE PUY NOTRE DAME",
      "44860": "PONT ST MARTIN",
      "41140": "SAINT ROMAIN SUR CHER",
      "49320": "BRISSAC QUINCE",
      "79100": "SAINTE VERGE",
      "41700": "SASSAY",
      "37130": "LIGNIERES DE TOURAINE",
      "86120": "MORTON",
      "86380": "CHABOURNAY",
      "18130": "DUN SUR AURON",
      "49750": "SAINT LAMBERT DU LATTAY",
      "85320": "MAREUIL SUR LAY DISSAIS",
      "44450": "BARBECHAT",
      "41400": "PONTLEVOY",
      "49540": "MARTIGNE BRIAND",
      "44430": "LE LANDREAU",
      "44580": "BOURGNEUF EN RETZ",
      "49730": "PARNAY",
      "41700": "CHEVERNY",
      "49310": "TREMONT",
      "44450": "SAINT JULIEN DE CONCELLES",
      "49700": "SAINT GEORGES SUR LAYON",
      "49400": "SAUMUR",
      "36260": "REUILLY",
      "37500": "CRAVANT LES COTEAUX",
      "37150": "DIERRE",
      "41230": "SOINGS EN SOLOGNE",
      "85320": "CHATEAU-GUIBERT",
      "41700": "COUDDES",
      "49260": "VAUDELNAY",
      "49260": "LE COUDRAY MACOUARD",
      "49700": "LES VERCHERS SUR LAYON",
      "44330": "VALLET",
      "44330": "VALLET",
      "85320": "ROSNAY",
      "41110": "SEIGY",
      "41120": "FEINGS",
      "49380": "FAYE D ANJOU",
      "49380": "FAYE D ANJOU",
      "44120": "VERTOU",
      "41700": "CHEMERY",
      "49320": "SAINT JEAN DES MAUVRETS",
      "44430": "LA REMAUDIERE",
      "44330": "VALLET",
      "44430": "LE LOROUX BOTTEREAU",
      "41400": "ANGE SUR CHER",
      "36600": "FONTGUENAND",
      "41140": "SAINT ROMAIN SUR CHER",
      "49380": "CHAMP SUR LAYON",
      "41000": "BLOIS",
      "49380": "FAYE D ANJOU",
      "41130": "CHATILLON SUR CHER",
      "49380": "FAYE D ANJOU",
      "41130": "CHATILLON SUR CHER",
      "49320": "VAUCHRETIEN",
      "37530": "MOSNES",
      "41110": "SEIGY",
      "86120": "SAIX",
      "49560": "NUEIL SUR LAYON",
      "49320": "VAUCHRETIEN",
      "49540": "MARTIGNE BRIAND",
      "37500": "CANDES SAINT MARTIN",
      "41400": "SAINT GEORGES SUR CHER",
      "37150": "FRANCUEIL",
      "49400": "VARRAINS",
      "49380": "NOTRE DAME D ALLENCON",
      "41400": "SAINT GEORGES SUR CHER",
      "41700": "COUDDES",
      "49320": "CHARCE SAINT ELLIER SUR AUBANCE",
      "79290": "SAINT PIERRE A CHAMP",
      "49730": "TURQUANT",
      "41700": "SASSAY",
      "49400": "SAUMUR",
      "37130": "LIGNIERES DE TOURAINE",
      "49260": "MONTREUIL BELLAY",
      "41400": "SAINT JULIEN DE CHEDON",
      "49270": "LA VARENNE",
      "49190": "SAINT AUBIN DE LUIGNE",
      "49310": "TANCOIGNE",
      "44690": "SAINT FIACRE SUR MAINE",
      "44330": "MOUZILLON",
      "49700": "CIZAY LA MADELEINE",
      "49750": "RABLAY SUR LAYON",
      "85200": "BOURNEAU",
      "49730": "TURQUANT",
      "36600": "LYE",
      "49260": "BREZE",
      "41150": "MONTEAUX",
      "49380": "THOUARCE",
      "49700": "CIZAY LA MADELEINE",
      "49700": "DOUE LA FONTAINE",
      "49320": "BRISSAC QUINCE",
      "49540": "TIGNE",
      "41400": "SAINT GEORGES SUR CHER",
      "58190": "TANNAY",
      "44860": "SAINT AIGNAN GRANDLIEU",
      "49230": "TILLIERES",
      "44330": "MOUZILLON",
      "49540": "MARTIGNE BRIAND",
      "44430": "LE LANDREAU",
      "44330": "MOUZILLON",
      "72600": "SAINT LONGIS",
      "49400": "VERRIE",
      "41400": "MONTHOU SUR CHER",
      "49380": "CHAMP SUR LAYON",
      "37460": "CHEMILLE SUR INDROIS",
      "18300": "SANCERRE",
      "49400": "CHACE",
      "49230": "TILLIERES",
      "49310": "TANCOIGNE",
      "41400": "PONTLEVOY",
      "33720": "LANDIRAS",
      "67290": "PETERSBACH",
      "49400": "ROU MARSON",
      "41140": "SAINT ROMAIN SUR CHER",
      "49730": "PARNAY",
      "49260": "LE COUDRAY MACOUARD",
      "44690": "CHÂTEAU THEBAUD",
      "49400": "SAUMUR",
      "49400": "SAUMUR",
      "49560": "CLERE SUR LAYON",
      "79290": "CERSAY",
      "49620": "LA POMMERAYE",
      "49750": "RABLAY SUR LAYON",
      "49400": "SAUMUR",
      "41700": "COUR CHEVERNY",
      "41400": "SAINT GEORGES SUR CHER",
      "49260": "SAINT CYR EN BOURG",
      "85670": "SAINT ETIENNE DU BOIS",
      "41140": "NOYERS SUR CHER",
      "41140": "NOYERS SUR CHER",
      "92400": "COURBEVOIE",
      "86380": "JAUNAY MARIGNY",
      "49170": "SAVENNIERES",
      "41400": "BOURRE",
      "79100": "OIRON",
      "03500": "CHATEL DE NEUVRE",
      "49260": "BREZE",
      "37220": "PANZOULT",
      "44120": "VERTOU",
      "44310": "SAINT PHILBERT DE GRAND LIEU",
      "86380": "VENDEUVRE DU POITOU",
      "41150": "ONZAIN",
      "37210": "VERNOU SUR BRENNE",
      "45500": "SAINT BRISSON SUR LOIRE",
      "41140": "SAINT ROMAIN SUR CHER",
      "41140": "SAINT ROMAIN SUR CHER",
      "49380": "CHAVAGNES LES EAUX",
      "49530": "LIRE",
      "18300": "CREZANCY EN SANCERRE",
      "79290": "SAINT MARTIN DE SANZAY",
      "44690": "MONNIERES",
      "44690": "MONNIERES",
      "49190": "ROCHEFORT SUR LOIRE",
      "85770": "VIX",
      "37210": "NOIZAY",
      "49750": "SAINT LAMBERT DU LATTAY",
      "49170": "SAVENNIERES",
      "41400": "PONTLEVOY",
      "37190": "AZAY LE RIDEAU",
      "49700": "LES VERCHERS SUR LAYON",
      "49260": "COURCHAMPS",
      "49260": "COURCHAMPS",
      "44430": "LE LANDREAU",
      "41140": "NOYERS SUR CHER",
      "41140": "MEHERS",
      "86120": "SAINT LEGER DE MONTBRILLAIS",
      "86120": "SAINT LEGER DE MONTBRILLAIS",
      "41400": "BOURRE",
      "41400": "BOURRE",
      "49750": "SAINT LAMBERT DU LATTAY",
      "41140": "SAINT ROMAIN SUR CHER",
      "41700": "COUDDES",
      "86380": "VENDEUVRE DU POITOU",
      "49700": "BRIGNE",
      "49310": "VIHIERS",
      "44690": "CHÂTEAU THEBAUD",
      "37800": "SAINTE MAURE DE TOURAINE",
      "49260": "VAUDELNAY",
      "86120": "SAIX",
      "86120": "SAIX",
      "49260": "LE PUY NOTRE DAME",
      "41700": "CHOUSSY",
      "75013": "PARIS 13",
      "58150": "TRACY SUR LOIRE",
      "49230": "TILLIERES",
      "44330": "MOUZILLON",
      "37270": "MONTLOUIS SUR LOIRE",
      "44120": "VERTOU",
      "44190": "CLISSON",
      "86120": "SAIX",
      "85220": "COEX",
      "49380": "CHAMP SUR LAYON",
      "41720": "CHEVERNY",
      "85470": "BREM SUR MER",
      "37140": "BOURGUEIL",
      "41120": "MONTHOU SUR BIEVRE",
      "41110": "CHATEAUVIEUX",
      "49260": "LE PUY NOTRE DAME",
      "49380": "THOUARCE",
      "49260": "VAUDELNAY",
      "44190": "GORGES",
      "44330": "VALLET",
      "44330": "VALLET",
      "44190": "GORGES",
      "44330": "VALLET",
      "49230": "TILLIERES",
      "44330": "MOUZILLON",
      "44430": "LE LANDREAU",
      "44430": "LE LANDREAU",
      "44190": "CLISSON",
      "49610": "MOZE SUR LOUET",
      "00003": "CHANTELLE",
      "58200": "COSNE SUR LOIRE",
      "37500": "CHINON",
      "41700": "FRESNES",
      "21703": "NUITS SAINT GEORGES",
      "37140": "SAINT NICOLAS DE BOURGUEIL",
      "37140": "SAINT NICOLAS DE BOURGUEIL",
      "49750": "SAINT LAMBERT DU LATTAY",
      "37140": "RESTIGNE",
      "49400": "SOUZAY CHAMPIGNY",
      "49170": "SAVENNIERES",
      "49170": "SAVENNIERES",
      "44430": "LE LANDREAU",
      "41140": "THESEE",
      "49170": "SAVENNIERES",
      "75116": "PARIS 16",
      "37530": "MOSNES",
      "37530": "MOSNES",
      "41400": "FAVEROLLES SUR CHER",
      "44690": "CHATEAU THEBAUD",
      "86120": "SAINT LEGER DE MONTBRILLAIS",
      "49700": "LES VERCHERS SUR LAYON",
      "49700": "LES VERCHERS SUR LAYON",
      "49700": "LES VERCHERS SUR LAYON",
      "44190": "SAINT LUMINE DE CLISSON",
      "41700": "COUDDES",
      "37210": "VOUVRAY",
      "44430": "LE LANDREAU",
      "49260": "MONTREUIL BELLAY",
      "49400": "SAUMUR",
      "37140": "BOURGUEIL",
      "18300": "SANCERRE",
      "37210": "VOUVRAY",
      "37210": "VOUVRAY"
      "33100": "BORDEAUX",
      "37140": "SAINT NICOLAS DE BOURGUEIL",
      "33070": "BORDEAUX CEDEX",
      "37210": "VOUVRAY",
      "85320": "MAREUIL SUR LAY DISSAIS",
      "41120": "SAMBIN",
      "49700": "DOUE LA FONTAINE",
      "37150": "FRANCUEIL",
      "41146": "MONTHOU SUR CHER",
      "49380": "THOUARCE",
      "36600": "LYE",
      "44650": "CORCOUE SUR LOGNE",
      "49380": "THOUARCE",
      "03210": "BESSON",
      "03210": "BESSON",
      "75018": "PARIS 18",
      "49400": "VARRAINS",
      "49400": "DISTRE",
      "41400": "SAINT GEORGES SUR CHER",
      "41110": "MAREUIL SUR CHER",
      "36600": "LYE",
      "36600": "LYE",
      "37140": "SAINT NICOLAS DE BOURGUEIL",
      "86120": "BERRIE",
      "44430": "LE LOROUX BOTTEREAU",
      "44330": "LA CHAPELLE HEULIN",
      "49260": "LE PUY NOTRE DAME",
      "41110": "POUILLE",
      "49730": "PARNAY",
      "37210": "ROCHECORBON",
      "41140": "NOYERS SUR CHER",
      "41120": "FEINGS",
      "79290": "SAINT PIERRE A CHAMP",
      "44430": "LE LOROUX BOTTEREAU",
      "37150": "EPEIGNE LES BOIS",
      "44430": "LE LOROUX BOTTEREAU",
      "44430": "LE LOROUX BOTTEREAU",
      "41700": "OISLY",
      "41700": "OISLY",
      "41230": "GY EN SOLOGNE",
      "41140": "THESEE",
      "37270": "MONTLOUIS SUR LOIRE",
      "37600": "SAINT JEAN SAINT GERMAIN",
      "41110": "POUILLE",
      "41400": "THENAY",
      "41800": "MONTOIRE SUR LE LOIR",
      "41110": "POUILLE",
      "49380": "CHAMP SUR LAYON",
      "18120": "CERBOIS",
      "36600": "LYE",
      "49560": "NUEIL SUR LAYON",
      "49700": "LOURESSE ROCHEMENIER",
      "49290": "CHAUDEFONDS SUR LAYON",
      "49260": "VAUDELNAY",
      "49700": "AMBILLOU CHATEAU",
      "49260": "VAUDELNAY",
      "41110": "SAINT AIGNAN SUR CHER",
      "49260": "VAUDELNAY",
      "49380": "FAYE D ANJOU",
      "49750": "SAINT LAMBERT DU LATTAY",
      "49540": "MARTIGNE BRIAND",
      "49400": "SAUMUR",
      "58150": "TRACY SUR LOIRE",
      "49320": "BLAISON GOHIER",
      "49380": "CHAMP SUR LAYON",
      "44120": "VERTOU",
      "49260": "VAUDELNAY",
      "41110": "SAINT AIGNAN SUR CHER",
      "86170": "NEUVILLE DE POITOU",
      "44430": "LE LOROUX BOTTEREAU",
      "49380": "FAYE D ANJOU",
      "49380": "FAVERAYE MACHELLES",
      "49650": "BRAIN SUR ALLONNES",
      "44690": "MONNIERES",
      "37140": "BOURGUEIL",
      "44430": "LE LOROUX BOTTEREAU",
      "49380": "FAYE D ANJOU",
      "49700": "MEIGNE",
      "86170": "NEUVILLE DE POITOU",
      "79290": "BOUILLE SAINT PAUL",
      "49260": "MONTREUIL BELLAY",
      "79290": "BOUILLE SAINT PAUL",
      "44430": "LE LOROUX BOTTEREAU",
      "86170": "NEUVILLE DE POITOU",
      "79290": "BOUILLE LORETZ",
      "49290": "CHAUDEFONDS SUR LAYON",
      "44310": "SAINT PHILBERT DE GRAND LIEU",
      "03210": "BESSON",
      "44330": "VALLET",
      "44430": "LE LOROUX BOTTEREAU",
      "49170": "SAVENNIERES",
      "49190": "SAINT AUBIN DE LUIGNE",
      "37150": "FRANCUEIL",
      "37140": "SAINT NICOLAS DE BOURGUEIL",
      "37140": "BOURGUEIL",
      "37140": "LA CHAPELLE SUR LOIRE",
      "37140": "BOURGUEIL",
      "49260": "MONTREUIL BELLAY",
      "86380": "CHABOURNAY",
      "44690": "MONNIERES",
      "58150": "TRACY SUR LOIRE",
      "37210": "VERNOU SUR BRENNE",
      "37210": "VERNOU SUR BRENNE",
      "79100": "SAINT CYR LA LANDE",
      "41700": "COUDDES",
      "41140": "NOYERS SUR CHER",
      "49560": "NUEIL SUR LAYON",
      "49380": "FAYE D ANJOU",
      "58150": "SAINT ANDELAIN",
      "41400": "CHISSAY EN TOURAINE",
      "49260": "VAUDELNAY",
      "49700": "DOUE LA FONTAINE",
      "49260": "VAUDELNAY",
      "41700": "CHEMERY",
      "41700": "CHEMERY",
      "49380": "CHAMP SUR LAYON",
      "37420": "SAVIGNY EN VERON",
      "18300": "SANCERRE",
      "18220": "PARASSY",
      "49400": "VARRAINS",
      "49400": "VARRAINS",
      "86110": "CHOUPPES",
      "49750": "SAINT LAMBERT DU LATTAY",
      "49400": "VARRAINS",
      "49400": "VARRAINS",
      "49320": "SAINT JEAN DES MAUVRETS",
      "41400": "MONTHOU SUR CHER",
      "49730": "PARNAY",
      "49400": "VARRAINS",
      "18300": "SAINT SATUR",
      "30300": "BEAUCAIRE",
      "49250": "BEAUFORT EN VALLEE",
      "44310": "SAINT PHILBERT DE GRAND LIEU",
      "18240": "SAINTE GEMMES EN SANCERROIS",
      "18300": "SANCERRE",
      "41700": "FRESNES",
      "45370": "MEZIERES LES CLERY",
      "45370": "MAREAU AUX PRES",
      "49570": "MONTJEAN SUR LOIRE",
      "41350": "VINEUIL",
      "49380": "THOUARCE",
      "49310": "MONTILLIERS",
      "49700": "CIZAY LA MADELEINE",
      "37150": "FRANCUEIL",
      "86130": "JAUNAY CLAN",
      "37270": "MONTLOUIS SUR LOIRE",
      "37270": "MONTLOUIS SUR LOIRE",
      "37140": "RESTIGNE",
      "37150": "FRANCUEIL",
      "37140": "SAINT NICOLAS DE BOURGUEIL",
      "37150": "BLERE",
      "49270": "SAINT CHRISTOPHE LA COUPERIE",
      "37150": "FRANCUEIL",
      "49270": "LA VARENNE",
      "37150": "FRANCUEIL",
      "22150": "PLOEUC SUR LIE",
      "49270": "LA VARENNE",
      "37150": "BLERE",
      "41230": "SOINGS EN SOLOGNE",
      "49270": "LA VARENNE",
      "86130": "JAUNAY MARIGNY",
      "41110": "SAINT AIGNAN SUR CHER",
      "44330": "VALLET",
      "49170": "SAVENNIERES",
      "86490": "BEAUMONT",
      "86490": "BEAUMONT",
      "44450": "LA CHAPELLE BASSE MER",
      "44650": "LEGE",
      "49260": "LE PUY NOTRE DAME",
      "49700": "BROSSAY",
      "49700": "BROSSAY",
      "49700": "BROSSAY",
      "49700": "LES ULMES",
      "41250": "MONT PRES CHAMBORD",
      "41250": "MONT PRES CHAMBORD",
      "49750": "SAINT LAMBERT DU LATTAY",
      "41140": "SAINT ROMAIN SUR CHER",
      "49270": "LA VARENNE",
      "49610": "JUIGNE SUR LOIRE",
      "37530": "CHARGE",
      "41100": "VENDOME",
      "37270": "SAINT MARTIN LE BEAU",
      "49700": "SAINT GEORGES SUR LAYON",
      "49190": "ROCHEFORT SUR LOIRE",
      "18300": "SURY EN VAUX",
      "49540": "MARTIGNE BRIAND",
      "49670": "VALANJOU",
      "49730": "VARENNES SUR LOIRE",
      "49700": "CIZAY LA MADELEINE",
      "44710": "PORT ST PÈRE",
      "41140": "THESEE",
      "49260": "LE PUY NOTRE DAME",
      "86110": "AMBERRE",
      "86110": "AMBERRE",
      "58200": "POUGNY",
      "49260": "SAINT CYR EN BOURG",
      "03500": "SAINT POURCAIN SUR SIOULE",
      "03500": "CHATEL DE NEUVRE",
      "49730": "TURQUANT",
      "49320": "BLAISON GOHIER",
      "85340": "OLONNE SUR MER",
      "49540": "LA FOSSE DE TIGNE",
      "49310": "CERNUSSON",
      "41100": "NAVEIL",
      "41100": "THORE LA ROCHETTE",
      "44330": "LE PALLET",
      "72340": "RUILLE SUR LOIR",
      "49380": "FAYE D ANJOU",
      "86120": "BERRIE",
      "49700": "SAINT GEORGES SUR LAYON",
      "37140": "SAINT NICOLAS DE BOURGUEIL",
      "49290": "CHAUDEFONDS SUR LAYON",
      "44330": "VALLET",
      "44120": "VERTOU",
      "44115": "HAUTE GOULAINE",
      "37150": "BLERE",
      "49530": "LIRE",
      "49700": "LES VERCHERS SUR LAYON",
      "49400": "CHACE",
      "49400": "SAUMUR",
      "41400": "MONTRICHARD",
      "49400": "SAUMUR",
      "49400": "SAUMUR",
      "49260": "VAUDELNAY",
      "49400": "SAUMUR",
      "44330": "VALLET",
      "92160": "ANTONY",
      "41120": "FOUGERES SUR BIEVRE",
      "49290": "CHAUDEFONDS SUR LAYON",
      "58400": "RAVEAU",
      "18120": "QUINCY",
      "49290": "CHAUDEFONDS SUR LAYON",
      "49700": "AMBILLOU CHATEAU",
      "49320": "SAULGE L HOPITAL",
      "49260": "MONTREUIL BELLAY",
      "37530": "NAZELLES NEGRON",
      "49190": "ROCHEFORT SUR LOIRE",
      "49610": "MOZE SUR LOUET",
      "49610": "SAINT MELAINE SUR AUBANCE",
      "49230": "SAINT CRESPIN SUR MOINE",
      "49320": "VAUCHRETIEN",
      "49380": "CHAVAGNES LES EAUX",
      "49610": "JUIGNE SUR LOIRE",
      "44190": "CLISSON",
      "41400": "SAINT GEORGES SUR CHER",
      "41100": "MAZANGE",
      "18301": "CREZANCY EN SANCERRE",
      "18300": "SANCERRE",
      "18300": "SANCERRE",
      "18300": "SANCERRE",
      "44430": "LE LANDREAU",
      "49380": "THOUARCE",
      "49380": "THOUARCE",
      "49400": "SAUMUR",
      "37500": "CRAVANT LES COTEAUX",
      "37210": "CHANCAY",
      "49290": "CHAUDEFONDS SUR LAYON",
      "44710": "SAINT LEGER LES VIGNES",
      "49570": "MONTJEAN SUR LOIRE",
      "44310": "SAINT PHILBERT DE GRAND LIEU",
      "49400": "SAUMUR",
      "71570": "ROMANECHE-THORINS",
      "49700": "CONCOURSON SUR LAYON",
      "49270": "LA VARENNE",
      "41110": "POUILLE",
      "41400": "FAVEROLLES SUR CHER",
      "44450": "BARBECHAT",
      "44330": "VALLET",
      "37500": "CHINON",
      "49700": "AMBILLOU CHATEAU",
      "41140": "THESEE",
      "41700": "CONTRES",
      "49380": "FAVERAYE MACHELLES",
      "37530": "LIMERAY",
      "37500": "CRAVANT LES COTEAUX",
      "37210": "ROCHECORBON",
      "37210": "ROCHECORBON",
      "37530": "LIMERAY",
      "37150": "EPEIGNE LES BOIS",
      "41700": "COUR CHEVERNY",
      "58190": "TANNAY",
      "49400": "SAUMUR",
      "37210": "VOUVRAY",
      "37210": "NOIZAY",
      "37270": "ATHEE SUR CHER",
      "44190": "CLISSON",
      "44190": "CLISSON",
      "49190": "ROCHEFORT SUR LOIRE",
      "37140": "BOURGUEIL",
      "44450": "SAINT JULIEN DE CONCELLES",
      "41700": "CHEMERY",
      "79290": "CERSAY",
      "44330": "VALLET",
      "44330": "VALLET",
      "41140": "NOYERS SUR CHER",
      "41110": "SAINT AIGNAN SUR CHER",
      "37210": "VOUVRAY",
      "49380": "CHAMP SUR LAYON",
      "86170": "NEUVILLE DE POITOU",
      "49320": "VAUCHRETIEN",
      "37140": "RESTIGNE",
      "41700": "CHEMERY",
      "44330": "VALLET",
      "41700": "SASSAY",
      "41700": "CHEMERY",
      "41400": "ANGE SUR CHER",
      "37400": "AMBOISE",
      "37400": "AMBOISE",
      "44190": "SAINT LUMINE DE CLISSON",
      "18120": "QUINCY",
      "49320": "COUTURES",
      "41400": "SAINT GEORGES SUR CHER",
      "75019": "PARIS",
      "86170": "VOUZAILLES",
      "49190": "ROCHEFORT SUR LOIRE",
      "49750": "SAINT LAMBERT DU LATTAY",
      "41110": "CHATEAUVIEUX",
      "41110": "CHATEAUVIEUX",
      "41110": "CHATEAUVIEUX",
      "44430": "LE LOROUX BOTTEREAU",
      "44430": "LE LANDREAU",
      "44430": "LE LANDREAU",
      "49560": "NUEIL SUR LAYON",
      "41400": "SAINT JULIEN DE CHEDON",
      "41150": "MONTEAUX",
      "49730": "PARNAY",
      "37140": "BOURGUEIL",
      "49750": "BEAULIEU SUR LAYON",
      "49750": "SAINT LAMBERT DU LATTAY",
      "49560": "NUEIL SUR LAYON",
      "41400": "MONTRICHARD",
      "37530": "CHARGE",
      "49320": "BRISSAC QUINCE",
      "37150": "CIVRAY DE TOURAINE",
      "49540": "TIGNE",
      "49540": "TIGNE",
      "49700": "LOURESSE ROCHEMENIER",
      "41400": "SAINT GEORGES SUR CHER",
      "44690": "CHÂTEAU THEBAUD",
      "49230": "SAINT CRESPIN SUR MOINE",
      "49700": "MEIGNE",
      "18250": "HUMBLIGNY",
      "36600": "LYE",
      "37150": "BLERE",
      "37140": "BOURGUEIL",
      "49700": "DOUE LA FONTAINE",
      "37500": "LIGRE",
      "41140": "THESEE",
      "41110": "POUILLE",
      "49540": "MARTIGNE BRIAND",
      "49260": "LE COUDRAY MACOUARD",
      "49260": "LE COUDRAY MACOUARD",
      "49320": "BRISSAC QUINCE",
      "49320": "BRISSAC QUINCE",
      "41400": "MONTHOU SUR CHER",
      "41400": "MONTHOU SUR CHER",
      "49700": "DOUE LA FONTAINE",
      "49670": "VALANJOU",
      "49380": "FAYE D ANJOU",
      "41230": "SOINGS EN SOLOGNE",
      "49700": "LES VERCHERS SUR LAYON",
      "85770": "VIX",
      "49700": "CONCOURSON SUR LAYON",
      "49700": "CONCOURSON SUR LAYON",
      "49380": "THOUARCE",
      "49380": "THOUARCE",
      "79100": "MAUZE THOUARSAIS",
      "41110": "CHATEAUVIEUX",
      "37190": "AZAY LE RIDEAU",
      "44120": "VERTOU",
      "86380": "CHABOURNAY",
      "58150": "SAINT QUENTIN SUR NOHAIN",
      "49320": "VAUCHRETIEN",
      "49320": "VAUCHRETIEN",
      "49700": "DOUE LA FONTAINE",
      "49540": "TIGNE",
      "37220": "CHEZELLES",
      "37420": "SAVIGNY EN VERON",
      "18370": "CHATEAUMEILLANT",
      "41400": "CHISSAY EN TOURAINE",
      "49320": "VAUCHRETIEN",
      "18300": "SURY EN VAUX",
      "37210": "NOIZAY",
      "49700": "BROSSAY",
      "41700": "CHEMERY",
      "44690": "MONNIERES",
      "41230": "SOINGS EN SOLOGNE",
      "49380": "FAYE D ANJOU",
      "58420": "BRINON SUR BEUVRON",
      "49120": "CHANZEAUX",
      "49410": "LA CHAPELLE SAINT FLORENT",
      "49400": "VARRAINS",
      "37270": "MONTLOUIS SUR LOIRE",
      "45400": "FLEURY LES AUBRAIS",
      "49560": "NUEIL SUR LAYON",
      "49700": "MEIGNE",
      "49400": "SAUMUR",
      "49380": "CHAVAGNES LES EAUX",
      "86120": "SAINT LEGER DE MONTBRILLAIS",
      "86110": "THURAGEAU",
      "85660": "SAINT PHILBERT DE BOUAINE",
      "41110": "SEIGY",
      "41700": "CHEMERY",
      "41700": "CHEMERY",
      "49540": "TIGNE",
      "49530": "DRAIN",
      "49380": "CHAMP SUR LAYON",
      "49530": "DRAIN",
      "49190": "SAINT AUBIN DE LUIGNE",
      "37140": "SAINT NICOLAS DE BOURGUEIL",
      "49750": "BEAULIEU SUR LAYON",
      "49110": "SAINT REMY EN MAUGES",
      "49540": "TIGNE",
      "49730": "TURQUANT",
      "49380": "FAVERAYE MACHELLES",
      "49120": "CHANZEAUX",
      "49380": "THOUARCE",
      "49540": "LA FOSSE DE TIGNE",
      "49260": "MONTREUIL BELLAY",
      "37140": "RESTIGNE",
      "37150": "CHISSEAUX",
      "41120": "SAMBIN",
      "49700": "SAINT GEORGES SUR LAYON",
      "49540": "MARTIGNE BRIAND",
      "92230": "GENNEVILLIERS",
      "37120": "LA TOUR ST GELIN",
      "49400": "VARRAINS",
      "41110": "MAREUIL SUR CHER",
      "85470": "BREM SUR MER",
      "44521": "OUDON",
      "44330": "MOUZILLON",
      "44140": "REMOUILLE",
      "37140": "RESTIGNE",
      "37220": "CRISSAY SUR MANSE",
      "49190": "SAINT AUBIN DE LUIGNE",
      "49730": "TURQUANT",
      "44190": "GORGES",
      "44690": "MONNIERES",
      "44190": "GORGES",
      "44330": "LE PALLET",
      "41400": "FAVEROLLES SUR CHER",
      "49700": "LES VERCHERS SUR LAYON",
      "49290": "CHAUDEFONDS SUR LAYON",
      "41700": "CONTRES",
      "41120": "FEINGS",
      "41350": "SAINT CLAUDE DE DIRAY",
      "41400": "SAINT JULIEN DE CHEDON",
      "49560": "PASSAVANT SUR LAYON",
      "49380": "FAYE D ANJOU",
      "49380": "FAYE D ANJOU",
      "86120": "LES TROIS MOUTIERS",
      "44430": "LE LANDREAU",
      "49750": "SAINT LAMBERT DU LATTAY",
      "41110": "SAINT AIGNAN SUR CHER",
      "49750": "SAINT LAMBERT DU LATTAY",
      "41110": "CHATEAUVIEUX",
      "49540": "MARTIGNE BRIAND",
      "49750": "RABLAY SUR LAYON",
      "49750": "CHANZEAUX",
      "41140": "THESEE",
      "49380": "NOTRE DAME D ALLENCON",
      "49380": "FAYE D ANJOU",
      "37530": "NAZELLES NEGRON",
      "37530": "NAZELLES NEGRON",
      "49540": "MARTIGNE BRIAND",
      "41100": "MAZANGE",
      "79290": "BOUILLE LORETZ",
      "41110": "POUILLE",
      "86170": "MAISONNEUVE",
      "86170": "MAISONNEUVE",
      "49600": "GESTE",
      "49120": "LA JUMELLIERE",
      "72300": "PARCE SUR SARTHE",
      "37150": "FRANCUEIL",
      "49260": "MONTREUIL BELLAY",
      "49380": "FAYE D ANJOU",
      "49560": "NUEIL SUR LAYON",
      "41700": "COUDDES",
      "41700": "COUDDES",
      "49380": "THOUARCE",
      "44330": "VALLET",
      "44450": "BARBECHAT",
      "49270": "LA VARENNE",
      "41400": "SAINT GEORGES SUR CHER",
      "58190": "METZ LE COMTE",
      "49310": "CERNUSSON",
      "49700": "LES ULMES",
      "72200": "LA FLECHE",
      "86110": "CHOUPPES",
      "36600": "LYE",
      "49560": "CLERE SUR LAYON",
      "37530": "LIMERAY",
      "85470": "BREM SUR MER",
      "58150": "POUILLY SUR LOIRE",
      "44690": "MAISDON SUR SEVRE",
      "41130": "CHATILLON SUR CHER",
      "44150": "SAINT GEREON",
      "36400": "NERET",
      "18370": "CHATEAUMEILLANT",
      "86120": "BERRIE",
      "49260": "LE PUY NOTRE DAME",
      "37600": "LOCHES",
      "49400": "SAUMUR",
      "49400": "SAUMUR",
      "49260": "SAINT JUST SUR DIVE",
      "49260": "SAINT JUST SUR DIVE",
      "49700": "DOUE LA FONTAINE",
      "41140": "NOYERS SUR CHER",
      "37140": "RESTIGNE",
      "37140": "RESTIGNE",
      "41400": "THENAY",
      "41400": "THENAY",
      "49400": "VARRAINS",
      "49560": "NUEIL SUR LAYON",
      "49560": "NUEIL SUR LAYON",
      "79390": "DOUX",
      "41400": "MONTHOU SUR CHER",
      "44430": "LE LOROUX BOTTEREAU",
      "79290": "BOUILLE LORETZ",
      "79290": "BOUILLE LORETZ",
      "44330": "LA CHAPELLE HEULIN",
      "79290": "CERSAY",
      "49260": "MONTREUIL BELLAY",
      "49190": "SAINT AUBIN DE LUIGNE",
      "49270": "CHAMPTOCEAUX",
      "44330": "LA REGRIPPIERE",
      "44330": "VALLET",
      "49540": "MARTIGNE BRIAND",
      "49540": "MARTIGNE BRIAND",
      "49380": "THOUARCE",
      "79390": "DOUX",
      "58150": "SAINT ANDELAIN",
      "18300": "THAUVENAY",
      "41400": "BOURRE",
      "49260": "LE PUY NOTRE DAME",
      "37210": "VOUVRAY",
      "41250": "MONT PRES CHAMBORD",
      "49410": "LA CHAPELLE SAINT FLORENT",
      "44120": "VERTOU",
      "37150": "BLERE",
      "37150": "LUZILLE",
      "41110": "CHATEAUVIEUX",
      "41130": "MEUSNES",
      "41130": "MEUSNES",
      "86380": "VENDEUVRE DU POITOU",
      "41130": "BILLY",
      "37210": "VOUVRAY",
      "37270": "MONTLOUIS SUR LOIRE",
      "49190": "ROCHEFORT SUR LOIRE",
      "79290": "BOUILLE LORETZ",
      "49320": "VAUCHRETIEN",
      "41150": "ONZAIN",
      "37500": "CHINON",
      "37500": "CHINON",
      "37500": "CHINON",
      "49400": "SAUMUR",
      "49260": "LE PUY NOTRE DAME",
      "49260": "LE PUY NOTRE DAME",
      "49410": "LA CHAPELLE SAINT FLORENT",
      "49610": "JUIGNE SUR LOIRE",
      "86120": "BERRIE",
      "44430": "LA BOISSIERE DU DORE",
      "49230": "TILLIERES",
      "44430": "LA REMAUDIERE",
      "44450": "BARBECHAT",
      "37220": "AVON LES ROCHES",
      "49400": "SAUMUR",
      "49170": "SAVENNIERES",
      "86380": "MARIGNY BRIZAY",
      "85310": "CHAILLE S/ ORMEAUX",
      "41140": "THESEE",
      "49190": "ROCHEFORT SUR LOIRE",
      "49610": "MOZE SUR LOUET",
      "49380": "NOTRE DAME D ALLENCON",
      "44150": "ANCENIS",
      "49530": "BOUZILLE",
      "49530": "LIRE",
      "49530": "LIRE",
      "44430": "LE LOROUX BOTTEREAU",
      "49530": "DRAIN",
      "41700": "COUR CHEVERNY",
      "49260": "LE PUY NOTRE DAME",
      "37130": "LIGNIERES DE TOURAINE",
      "49750": "SAINT LAMBERT DU LATTAY",
      "44330": "VALLET",
      "85670": "SAINT ETIENNE DU BOIS",
      "41700": "CHEVERNY",
      "37130": "LIGNIERES DE TOURAINE",
      "49530": "LIRE",
      "49400": "CHACE",
      "49260": "VAUDELNAY",
      "49700": "LES VERCHERS SUR LAYON",
      "49170": "SAVENNIERES",
      "49260": "SAINT CYR EN BOURG",
      "79290": "BOUILLE LORETZ",
      "49560": "NUEIL SUR LAYON",
      "37150": "EPEIGNE LES BOIS",
      "37150": "EPEIGNE LES BOIS",
      "41110": "SAINT AIGNAN SUR CHER",
      "44710": "PORT ST PERE",
      "49750": "RABLAY SUR LAYON",
      "86110": "MAZEUIL",
      "49700": "SAINT GEORGES SUR LAYON",
      "49540": "TIGNE",
      "49190": "SAINT AUBIN DE LUIGNE",
      "49380": "CHAVAGNES LES EAUX",
      "44690": "MONNIERES",
      "49530": "DRAIN",
      "49530": "DRAIN",
      "37460": "MONTRESOR",
      "49380": "FAYE D ANJOU",
      "86200": "LOUDUN",
      "49380": "CHAMP SUR LAYON",
      "41130": "CHATILLON SUR CHER",
      "49400": "DISTRE",
      "00004": "MONTORD",
      "41700": "SASSAY",
      "41700": "SASSAY",
      "58150": "TRACY SUR LOIRE",
      "49190": "SAINT AUBIN DE LUIGNE",
      "58150": "TRACY SUR LOIRE",
      "44710": "SAINT LEGER LES VIGNES",
      "37140": "LA CHAPELLE SUR LOIRE",
      "41150": "MESLAND",
      "41150": "MESLAND",
      "41140": "THESEE",
      "41140": "NOYERS SUR CHER",
      "41140": "THESEE",
      "86110": "THURAGEAU",
      "44000": "NANTES",
      "03500": "SAINT POURCAIN SUR SIOULE",
      "49750": "BEAULIEU SUR LAYON",
      "49730": "PARNAY",
      "49400": "SAUMUR",
      "49260": "VAUDELNAY",
      "49380": "THOUARCE",
      "36600": "LYE",
      "36600": "LYE",
      "36600": "LYE",
      "49750": "RABLAY SUR LAYON",
      "44430": "LE LANDREAU",
      "72340": "MARCON",
      "49310": "CERNUSSON",
      "49170": "SAINT GEORGES SUR LOIRE",
      "49270": "LA VARENNE",
      "86170": "LE ROCHEREAU",
      "86170": "LE ROCHEREAU",
      "44330": "VALLET",
      "44430": "LE LOROUX BOTTEREAU",
      "86120": "SAINT LEGER DE MONTBRILLAIS",
      "49700": "BRIGNE",
      "78400": "CHATOU",
      "49380": "FAYE D ANJOU",
      "18300": "VERDIGNY",
      "49260": "LE COUDRAY MACOUARD",
      "49260": "LE COUDRAY MACOUARD",
      "75014": "PARIS 14",
      "41140": "NOYERS SUR CHER",
      "41140": "NOYERS SUR CHER",
      "58400": "VARENNES LES NARCY",
      "49750": "SAINT LAMBERT DU LATTAY",
      "79290": "SAINT MARTIN DE SANZAY",
      "41700": "COUDDES",
      "41700": "COUDDES",
      "49426": "SAUMUR",
      "49426": "SAUMUR",
      "49560": "NUEIL SUR LAYON",
      "44690": "SAINT FIACRE SUR MAINE",
      "44430": "LE LANDREAU",
      "44430": "LE LANDREAU",
      "44690": "LA HAIE FOUASSIERE",
      "41700": "COUDDES",
      "49260": "BREZE",
      "49100": "ANGERS",
      "49260": "LE COUDRAY MACOUARD",
      "41700": "OISLY",
      "41250": "MONT PRES CHAMBORD",
      "44330": "LE PALLET",
      "58420": "BRINON SUR BEUVRON",
      "49380": "FAYE D ANJOU",
      "49260": "VAUDELNAY",
      "41700": "COUDDES",
      "49380": "CHAMP SUR LAYON",
      "49260": "SAINT MACAIRE DU BOIS",
      "49380": "CHAMP SUR LAYON",
      "49380": "THOUARCE",
      "41120": "CANDE SUR BEUVRON",
      "44690": "MAISDON SUR SEVRE",
      "37210": "VOUVRAY",
      "49270": "SAINT CHRISTOPHE LA COUPERIE",
      "44860": "PONT ST MARTIN",
      "18300": "CREZANCY EN SANCERRE",
      "85190": "AIZENAY",
      "49120": "LA JUMELLIERE",
      "37140": "RESTIGNE",
      "49380": "CHAMP SUR LAYON",
      "44430": "LE LOROUX BOTTEREAU",
      "49380": "THOUARCE",
      "49560": "CLERE SUR LAYON",
      "37150": "CIVRAY DE TOURAINE",
      "49540": "TIGNE",
      "41400": "MONTHOU SUR CHER",
      "44690": "CHÂTEAU THEBAUD",
      "49750": "BEAULIEU SUR LAYON",
      "85660": "SAINT PHILBERT DE BOUAINE",
      "41130": "MEUSNES",
      "44330": "VALLET",
      "44860": "PONT ST MARTIN",
      "44150": "SAINT GEREON",
      "72340": "RUILLE SUR LOIR",
      "44310": "LA LIMOUZINIERE",
      "41140": "THESEE",
      "44450": "SAINT JULIEN DE CONCELLES",
      "49230": "ST CRESPIN SUR MOINE",
      "49190": "ROCHEFORT SUR LOIRE",
      "49730": "TURQUANT",
      "49750": "SAINT LAMBERT DU LATTAY",
      "49400": "SAUMUR",
      "49400": "SAUMUR",
      "44330": "LE PALLET",
      "49560": "NUEIL SUR LAYON",
      "49190": "ROCHEFORT SUR LOIRE",
      "85320": "MAREUIL SUR LAY DISSAIS",
      "49700": "DOUE LA FONTAINE",
      "86170": "CHAMPIGNY LE SEC",
      "41110": "SEIGY",
      "41100": "VILLIERS SUR LOIR",
      "41120": "CELLETTES",
      "41120": "CELLETTES",
      "41140": "THESEE",
      "41140": "THESEE",
      "18120": "QUINCY",
      "85440": "TALMONT ST HILAIRE",
      "49730": "PARNAY",
      "41700": "COUDDES",
      "44690": "MONNIERES",
      "49530": "BOUZILLE",
      "49320": "SAINT SATURNIN SUR LOIRE",
      "49620": "LA POMMERAYE",
      "71570": "ROMANECHE-THORINS",
      "24500": "EYMET",
      "72250": "PARIGNE L'EVEQUE",
      "49540": "MARTIGNE BRIAND",
      "85700": "SAINT MESMIN",
      "86110": "CHOUPPES",
      "86170": "BLASLAY",
      "37402": "AMBOISE",
      "49310": "VIHIERS",
      "44430": "LE LOROUX BOTTEREAU",
      "41360": "LUNAY",
      "18250": "MONTIGNY",
      "49290": "CHALONNES SUR LOIRE",
      "03500": "SAULCET",
      "49750": "SAINT LAMBERT DU LATTAY",
      "37140": "BOURGUEIL",
      "41110": "SAINT AIGNAN SUR CHER",
      "37220": "CROUZILLES",
      "44190": "GORGES",
      "79100": "SAINTE VERGE",
      "18300": "BUE",
      "86110": "CHOUPPES",
      "58200": "SAINT PÈRE",
      "18300": "VERDIGNY",
      "49610": "JUIGNE SUR LOIRE",
      "37140": "CHOUZE SUR LOIRE",
      "37140": "RESTIGNE",
      "37140": "RESTIGNE",
      "41700": "COUR CHEVERNY",
      "49190": "SAINT AUBIN DE LUIGNE",
      "41140": "SAINT ROMAIN SUR CHER",
      "49260": "EPIEDS",
      "49190": "ROCHEFORT SUR LOIRE",
      "49730": "PARNAY",
      "44680": "SAINT MARS DE COUTAIS",
      "49260": "VAUDELNAY",
      "41350": "SAINT CLAUDE DE DIRAY",
      "49260": "SAINT JUST SUR DIVE",
      "41350": "SAINT CLAUDE DE DIRAY",
      "49000": "ANGERS",
      "49380": "FAYE D ANJOU",
      "41700": "COUR CHEVERNY",
      "49540": "MARTIGNE BRIAND",
      "37530": "NAZELLES NEGRON",
      "49350": "SAINT GEORGES DES SEPT VOIES",
      "18300": "SURY EN VAUX",
      "37230": "FONDETTES",
      "49380": "FAYE D ANJOU",
      "37210": "VOUVRAY",
      "49260": "VAUDELNAY",
      "18300": "VERDIGNY",
      "49530": "LIRE",
      "45630": "BEAULIEU SUR LOIRE",
      "49620": "LA POMMERAYE",
      "58150": "POUILLY SUR LOIRE",
      "18300": "VERDIGNY",
      "44150": "ANETZ",
      "49190": "ROCHEFORT SUR LOIRE",
      "58150": "ST LAURENT DE L'ABBAYE",
      "18300": "BUE",
      "18240": "BOULLERET",
      "44120": "VERTOU",
      "45480": "JOUY - EN - PITHIVERAIS",
      "85670": "SAINT ETIENNE DU BOIS",
      "41800": "HOUSSAY",
      "49730": "TURQUANT",
      "49380": "FAYE D ANJOU",
      "49290": "CHAUDEFONDS SUR LAYON",
      "49750": "SAINT LAMBERT DU LATTAY",
      "37140": "RESTIGNE",
      "49290": "CHAUDEFONDS SUR LAYON",
      "49260": "SAINT CYR EN BOURG",
      "37210": "ROCHECORBON",
      "18300": "SANCERRE",
      "37140": "BENAIS",
      "49400": "SAUMUR",
      "37140": "RESTIGNE",
      "49260": "SAINT CYR EN BOURG",
      "41230": "SOINGS EN SOLOGNE",
      "41250": "MONT PRES CHAMBORD"